0.000166611129623459,606.944786855762
0.000499833388870377,606.944786855762
0.000833055648117294,606.944786855762
0.00116627790736421,606.944786855762
0.00149950016661113,606.944786855762
0.00183272242585805,606.944786855762
0.00216594468510497,606.944786855762
0.00249916694435188,606.944786855762
0.0028323892035988,606.944786855762
0.00316561146284572,606.944786855762
0.00349883372209264,606.944786855762
0.00383205598133955,606.944786855762
0.00416527824058647,606.944786855762
0.00449850049983339,606.944786855762
0.00483172275908031,606.944786855762
0.00516494501832722,606.944786855762
0.00549816727757414,606.944786855762
0.00583138953682106,606.944786855762
0.00616461179606798,606.944786855762
0.0064978340553149,606.944786855762
0.00683105631456181,606.944786855762
0.00716427857380873,606.944786855762
0.00749750083305565,606.944786855762
0.00783072309230257,606.944786855762
0.00816394535154948,606.944786855762
0.0084971676107964,606.944786855762
0.00883038987004332,606.944786855762
0.00916361212929024,606.944786855762
0.00949683438853715,606.944786855762
0.00983005664778407,606.944786855762
0.010163278907031,606.944786855762
0.0104965011662779,606.944786855762
0.0108297234255248,606.944786855762
0.0111629456847717,606.944786855762
0.0114961679440187,606.944786855762
0.0118293902032656,606.944786855762
0.0121626124625125,606.944786855762
0.0124958347217594,606.944786855762
0.0128290569810063,606.944786855762
0.0131622792402533,606.944786855762
0.0134955014995002,606.944786855762
0.0138287237587471,606.944786855762
0.014161946017994,606.944786855762
0.0144951682772409,606.944786855762
0.0148283905364878,606.944786855762
0.0151616127957348,606.944786855762
0.0154948350549817,606.944786855762
0.0158280573142286,606.944786855762
0.0161612795734755,606.944786855762
0.0164945018327224,606.944786855762
0.0168277240919693,606.944786855762
0.0171609463512163,606.944786855762
0.0174941686104632,606.944786855762
0.0178273908697101,606.944786855762
0.018160613128957,606.944786855762
0.0184938353882039,606.944786855762
0.0188270576474509,606.944786855762
0.0191602799066978,606.944786855762
0.0194935021659447,606.944786855762
0.0198267244251916,606.944786855762
0.0201599466844385,606.944786855762
0.0204931689436854,606.944786855762
0.0208263912029324,606.944786855762
0.0211596134621793,606.944786855762
0.0214928357214262,606.944786855762
0.0218260579806731,606.944786855762
0.02215928023992,606.944786855762
0.0224925024991669,606.944786855762
0.0228257247584139,606.944786855762
0.0231589470176608,606.944786855762
0.0234921692769077,606.944786855762
0.0238253915361546,606.944786855762
0.0241586137954015,606.944786855762
0.0244918360546485,606.944786855762
0.0248250583138954,606.944786855762
0.0251582805731423,606.944786855762
0.0254915028323892,606.944786855762
0.0258247250916361,606.944786855762
0.026157947350883,606.944786855762
0.02649116961013,606.944786855762
0.0268243918693769,606.944786855762
0.0271576141286238,606.944786855762
0.0274908363878707,606.944786855762
0.0278240586471176,606.944786855762
0.0281572809063645,606.944786855762
0.0284905031656115,606.944786855762
0.0288237254248584,606.944786855762
0.0291569476841053,606.944786855762
0.0294901699433522,606.944786855762
0.0298233922025991,606.944786855762
0.0301566144618461,606.944786855762
0.030489836721093,606.944786855762
0.0308230589803399,606.944786855762
0.0311562812395868,606.944786855762
0.0314895034988337,606.944786855762
0.0318227257580806,606.944786855762
0.0321559480173276,606.944786855762
0.0324891702765745,606.944786855762
0.0328223925358214,606.944786855762
0.0331556147950683,606.944786855762
0.0334888370543152,606.944786855762
0.0338220593135622,606.944786855762
0.0341552815728091,606.944786855762
0.034488503832056,606.944786855762
0.0348217260913029,606.944786855762
0.0351549483505498,606.944786855762
0.0354881706097967,606.944786855762
0.0358213928690437,606.944786855762
0.0361546151282906,606.944786855762
0.0364878373875375,606.944786855762
0.0368210596467844,606.944786855762
0.0371542819060313,606.944786855762
0.0374875041652782,606.944786855762
0.0378207264245252,606.944786855762
0.0381539486837721,606.944786855762
0.038487170943019,606.944786855762
0.0388203932022659,606.944786855762
0.0391536154615128,606.944786855762
0.0394868377207598,606.944786855762
0.0398200599800067,606.944786855762
0.0401532822392536,606.944786855762
0.0404865044985005,606.944786855762
0.0408197267577474,606.944786855762
0.0411529490169943,606.944786855762
0.0414861712762413,606.944786855762
0.0418193935354882,606.944786855762
0.0421526157947351,606.944786855762
0.042485838053982,606.944786855762
0.0428190603132289,606.944786855762
0.0431522825724758,606.944786855762
0.0434855048317228,606.944786855762
0.0438187270909697,606.944786855762
0.0441519493502166,606.944786855762
0.0444851716094635,606.944786855762
0.0448183938687104,606.944786855762
0.0451516161279573,606.944786855762
0.0454848383872043,606.944786855762
0.0458180606464512,606.944786855762
0.0461512829056981,606.944786855762
0.046484505164945,606.944786855762
0.0468177274241919,606.944786855762
0.0471509496834389,606.944786855762
0.0474841719426858,606.944786855762
0.0478173942019327,606.944786855762
0.0481506164611796,606.944786855762
0.0484838387204265,606.944786855762
0.0488170609796734,606.944786855762
0.0491502832389204,606.944786855762
0.0494835054981673,606.944786855762
0.0498167277574142,606.944786855762
0.0501499500166611,606.944786855762
0.050483172275908,606.944786855762
0.0508163945351549,606.944786855762
0.0511496167944019,606.944786855762
0.0514828390536488,606.944786855762
0.0518160613128957,606.944786855762
0.0521492835721426,606.944786855762
0.0524825058313895,606.944786855762
0.0528157280906365,606.944786855762
0.0531489503498834,606.944786855762
0.0534821726091303,606.944786855762
0.0538153948683772,606.944786855762
0.0541486171276241,606.944786855762
0.054481839386871,606.944786855762
0.054815061646118,606.944786855762
0.0551482839053649,606.944786855762
0.0554815061646118,606.944786855762
0.0558147284238587,606.944786855762
0.0561479506831056,606.944786855762
0.0564811729423526,606.944786855762
0.0568143952015995,606.944786855762
0.0571476174608464,606.944786855762
0.0574808397200933,606.944786855762
0.0578140619793402,606.944786855762
0.0581472842385871,606.944786855762
0.0584805064978341,606.944786855762
0.058813728757081,606.944786855762
0.0591469510163279,606.944786855762
0.0594801732755748,606.944786855762
0.0598133955348217,606.944786855762
0.0601466177940686,606.944786855762
0.0604798400533156,606.944786855762
0.0608130623125625,606.944786855762
0.0611462845718094,606.944786855762
0.0614795068310563,606.944786855762
0.0618127290903032,606.944786855762
0.0621459513495502,606.944786855762
0.0624791736087971,606.944786855762
0.062812395868044,606.944786855762
0.0631456181272909,606.944786855762
0.0634788403865378,606.944786855762
0.0638120626457847,606.944786855762
0.0641452849050317,606.944786855762
0.0644785071642786,606.944786855762
0.0648117294235255,606.944786855762
0.0651449516827724,606.944786855762
0.0654781739420193,606.944786855762
0.0658113962012662,606.944786855762
0.0661446184605132,606.944786855762
0.0664778407197601,606.944786855762
0.066811062979007,606.944786855762
0.0671442852382539,606.944786855762
0.0674775074975008,606.944786855762
0.0678107297567478,606.944786855762
0.0681439520159947,606.944786855762
0.0684771742752416,606.944786855762
0.0688103965344885,606.944786855762
0.0691436187937354,606.944786855762
0.0694768410529823,606.944786855762
0.0698100633122293,606.944786855762
0.0701432855714762,606.944786855762
0.0704765078307231,606.944786855762
0.07080973008997,606.944786855762
0.0711429523492169,606.944786855762
0.0714761746084638,606.944786855762
0.0718093968677108,606.944786855762
0.0721426191269577,606.944786855762
0.0724758413862046,606.944786855762
0.0728090636454515,606.944786855762
0.0731422859046984,606.944786855762
0.0734755081639454,606.944786855762
0.0738087304231923,606.944786855762
0.0741419526824392,606.944786855762
0.0744751749416861,606.944786855762
0.074808397200933,606.944786855762
0.0751416194601799,606.944786855762
0.0754748417194269,606.944786855762
0.0758080639786738,606.944786855762
0.0761412862379207,606.944786855762
0.0764745084971676,606.944786855762
0.0768077307564145,606.944786855762
0.0771409530156615,606.944786855762
0.0774741752749084,606.944786855762
0.0778073975341553,606.944786855762
0.0781406197934022,606.944786855762
0.0784738420526491,606.944786855762
0.078807064311896,606.944786855762
0.079140286571143,606.944786855762
0.0794735088303899,606.944786855762
0.0798067310896368,606.944786855762
0.0801399533488837,606.944786855762
0.0804731756081306,606.944786855762
0.0808063978673775,606.944786855762
0.0811396201266245,606.944786855762
0.0814728423858714,606.944786855762
0.0818060646451183,606.944786855762
0.0821392869043652,606.944786855762
0.0824725091636121,606.944786855762
0.082805731422859,606.944786855762
0.083138953682106,606.944786855762
0.0834721759413529,606.944786855762
0.0838053982005998,606.944786855762
0.0841386204598467,606.944786855762
0.0844718427190936,606.944786855762
0.0848050649783406,606.944786855762
0.0851382872375875,606.944786855762
0.0854715094968344,606.944786855762
0.0858047317560813,606.944786855762
0.0861379540153282,606.944786855762
0.0864711762745752,606.944786855762
0.0868043985338221,606.944786855762
0.087137620793069,606.944786855762
0.0874708430523159,606.944786855762
0.0878040653115628,606.944786855762
0.0881372875708097,606.944786855762
0.0884705098300567,606.944786855762
0.0888037320893036,606.944786855762
0.0891369543485505,606.944786855762
0.0894701766077974,606.944786855762
0.0898033988670443,606.944786855762
0.0901366211262912,606.944786855762
0.0904698433855382,606.944786855762
0.0908030656447851,606.944786855762
0.091136287904032,606.944786855762
0.0914695101632789,606.944786855762
0.0918027324225258,606.944786855762
0.0921359546817727,606.944786855762
0.0924691769410197,606.944786855762
0.0928023992002666,606.944786855762
0.0931356214595135,606.944786855762
0.0934688437187604,606.944786855762
0.0938020659780073,606.944786855762
0.0941352882372543,606.944786855762
0.0944685104965012,606.944786855762
0.0948017327557481,606.944786855762
0.095134955014995,606.944786855762
0.0954681772742419,606.944786855762
0.0958013995334888,606.944786855762
0.0961346217927358,606.944786855762
0.0964678440519827,606.944786855762
0.0968010663112296,606.944786855762
0.0971342885704765,606.944786855762
0.0974675108297234,606.944786855762
0.0978007330889703,606.944786855762
0.0981339553482173,606.944786855762
0.0984671776074642,606.944786855762
0.0988003998667111,606.944786855762
0.099133622125958,606.944786855762
0.0994668443852049,606.944786855762
0.0998000666444518,606.944786855762
0.100133288903699,606.944786855762
0.100466511162946,606.944786855762
0.100799733422193,606.944786855762
0.10113295568144,606.944786855762
0.101466177940686,606.944786855762
0.101799400199933,606.944786855762
0.10213262245918,606.944786855762
0.102465844718427,606.944786855762
0.102799066977674,606.944786855762
0.103132289236921,606.944786855762
0.103465511496168,606.944786855762
0.103798733755415,606.944786855762
0.104131956014662,606.944786855762
0.104465178273909,606.944786855762
0.104798400533156,606.944786855762
0.105131622792403,606.944786855762
0.105464845051649,606.944786855762
0.105798067310896,606.944786855762
0.106131289570143,606.944786855762
0.10646451182939,606.944786855762
0.106797734088637,606.944786855762
0.107130956347884,606.944786855762
0.107464178607131,606.944786855762
0.107797400866378,606.944786855762
0.108130623125625,606.944786855762
0.108463845384872,606.944786855762
0.108797067644119,606.944786855762
0.109130289903366,606.944786855762
0.109463512162612,606.944786855762
0.109796734421859,606.944786855762
0.110129956681106,606.944786855762
0.110463178940353,606.944786855762
0.1107964011996,606.944786855762
0.111129623458847,606.944786855762
0.111462845718094,606.944786855762
0.111796067977341,606.944786855762
0.112129290236588,606.944786855762
0.112462512495835,606.944786855762
0.112795734755082,606.944786855762
0.113128957014329,606.944786855762
0.113462179273575,606.944786855762
0.113795401532822,606.944786855762
0.114128623792069,606.944786855762
0.114461846051316,606.944786855762
0.114795068310563,606.944786855762
0.11512829056981,606.944786855762
0.115461512829057,606.944786855762
0.115794735088304,606.944786855762
0.116127957347551,606.944786855762
0.116461179606798,606.944786855762
0.116794401866045,606.944786855762
0.117127624125292,606.944786855762
0.117460846384538,606.944786855762
0.117794068643785,606.944786855762
0.118127290903032,606.944786855762
0.118460513162279,606.944786855762
0.118793735421526,606.944786855762
0.119126957680773,606.944786855762
0.11946017994002,606.944786855762
0.119793402199267,606.944786855762
0.120126624458514,606.944786855762
0.120459846717761,606.944786855762
0.120793068977008,606.944786855762
0.121126291236255,606.944786855762
0.121459513495502,606.944786855762
0.121792735754748,606.944786855762
0.122125958013995,606.944786855762
0.122459180273242,606.944786855762
0.122792402532489,606.944786855762
0.123125624791736,606.944786855762
0.123458847050983,606.944786855762
0.12379206931023,606.944786855762
0.124125291569477,606.944786855762
0.124458513828724,606.944786855762
0.124791736087971,606.944786855762
0.125124958347218,606.944786855762
0.125458180606465,606.944786855762
0.125791402865711,606.944786855762
0.126124625124958,606.944786855762
0.126457847384205,606.944786855762
0.126791069643452,606.944786855762
0.127124291902699,606.944786855762
0.127457514161946,606.944786855762
0.127790736421193,606.944786855762
0.12812395868044,606.944786855762
0.128457180939687,606.944786855762
0.128790403198934,606.944786855762
0.129123625458181,606.944786855762
0.129456847717428,606.944786855762
0.129790069976674,606.944786855762
0.130123292235921,606.944786855762
0.130456514495168,606.944786855762
0.130789736754415,606.944786855762
0.131122959013662,606.944786855762
0.131456181272909,606.944786855762
0.131789403532156,606.944786855762
0.132122625791403,606.944786855762
0.13245584805065,606.944786855762
0.132789070309897,606.944786855762
0.133122292569144,606.944786855762
0.133455514828391,606.944786855762
0.133788737087637,606.944786855762
0.134121959346884,606.944786855762
0.134455181606131,606.944786855762
0.134788403865378,606.944786855762
0.135121626124625,606.944786855762
0.135454848383872,606.944786855762
0.135788070643119,606.944786855762
0.136121292902366,606.944786855762
0.136454515161613,606.944786855762
0.13678773742086,606.944786855762
0.137120959680107,606.944786855762
0.137454181939354,606.944786855762
0.1377874041986,606.944786855762
0.138120626457847,606.944786855762
0.138453848717094,606.944786855762
0.138787070976341,606.944786855762
0.139120293235588,606.944786855762
0.139453515494835,606.944786855762
0.139786737754082,606.944786855762
0.140119960013329,606.944786855762
0.140453182272576,606.944786855762
0.140786404531823,606.944786855762
0.14111962679107,606.944786855762
0.141452849050317,606.944786855762
0.141786071309563,606.944786855762
0.14211929356881,606.944786855762
0.142452515828057,606.944786855762
0.142785738087304,606.944786855762
0.143118960346551,606.944786855762
0.143452182605798,606.944786855762
0.143785404865045,606.944786855762
0.144118627124292,606.944786855762
0.144451849383539,606.944786855762
0.144785071642786,606.944786855762
0.145118293902033,606.944786855762
0.14545151616128,606.944786855762
0.145784738420526,606.944786855762
0.146117960679773,606.944786855762
0.14645118293902,606.944786855762
0.146784405198267,606.944786855762
0.147117627457514,606.944786855762
0.147450849716761,606.944786855762
0.147784071976008,606.944786855762
0.148117294235255,606.944786855762
0.148450516494502,606.944786855762
0.148783738753749,606.944786855762
0.149116961012996,606.944786855762
0.149450183272243,606.944786855762
0.149783405531489,606.944786855762
0.150116627790736,606.944786855762
0.150449850049983,606.944786855762
0.15078307230923,606.944786855762
0.151116294568477,606.944786855762
0.151449516827724,606.944786855762
0.151782739086971,606.944786855762
0.152115961346218,606.944786855762
0.152449183605465,606.944786855762
0.152782405864712,606.944786855762
0.153115628123959,606.944786855762
0.153448850383206,606.944786855762
0.153782072642453,606.944786855762
0.154115294901699,606.944786855762
0.154448517160946,606.944786855762
0.154781739420193,606.944786855762
0.15511496167944,606.944786855762
0.155448183938687,606.944786855762
0.155781406197934,606.944786855762
0.156114628457181,606.944786855762
0.156447850716428,606.944786855762
0.156781072975675,606.944786855762
0.157114295234922,606.944786855762
0.157447517494169,606.944786855762
0.157780739753416,606.944786855762
0.158113962012662,606.944786855762
0.158447184271909,606.944786855762
0.158780406531156,606.944786855762
0.159113628790403,606.944786855762
0.15944685104965,606.944786855762
0.159780073308897,606.944786855762
0.160113295568144,606.944786855762
0.160446517827391,606.944786855762
0.160779740086638,606.944786855762
0.161112962345885,606.944786855762
0.161446184605132,606.944786855762
0.161779406864379,606.944786855762
0.162112629123625,606.944786855762
0.162445851382872,606.944786855762
0.162779073642119,606.944786855762
0.163112295901366,606.944786855762
0.163445518160613,606.944786855762
0.16377874041986,606.944786855762
0.164111962679107,606.944786855762
0.164445184938354,606.944786855762
0.164778407197601,606.944786855762
0.165111629456848,606.944786855762
0.165444851716095,606.944786855762
0.165778073975342,606.944786855762
0.166111296234588,606.944786855762
0.166444518493835,606.944786855762
0.166777740753082,606.944786855762
0.167110963012329,606.944786855762
0.167444185271576,606.944786855762
0.167777407530823,606.944786855762
0.16811062979007,606.944786855762
0.168443852049317,606.944786855762
0.168777074308564,606.944786855762
0.169110296567811,606.944786855762
0.169443518827058,606.944786855762
0.169776741086305,606.944786855762
0.170109963345551,606.944786855762
0.170443185604798,606.944786855762
0.170776407864045,606.944786855762
0.171109630123292,606.944786855762
0.171442852382539,606.944786855762
0.171776074641786,606.944786855762
0.172109296901033,606.944786855762
0.17244251916028,606.944786855762
0.172775741419527,606.944786855762
0.173108963678774,606.944786855762
0.173442185938021,606.944786855762
0.173775408197268,606.944786855762
0.174108630456515,606.944786855762
0.174441852715761,606.944786855762
0.174775074975008,606.944786855762
0.175108297234255,606.944786855762
0.175441519493502,606.944786855762
0.175774741752749,606.944786855762
0.176107964011996,606.944786855762
0.176441186271243,606.944786855762
0.17677440853049,606.944786855762
0.177107630789737,606.944786855762
0.177440853048984,606.944786855762
0.177774075308231,606.944786855762
0.178107297567478,606.944786855762
0.178440519826724,606.944786855762
0.178773742085971,606.944786855762
0.179106964345218,606.944786855762
0.179440186604465,606.944786855762
0.179773408863712,606.944786855762
0.180106631122959,606.944786855762
0.180439853382206,606.944786855762
0.180773075641453,606.944786855762
0.1811062979007,606.944786855762
0.181439520159947,606.944786855762
0.181772742419194,606.944786855762
0.182105964678441,606.944786855762
0.182439186937687,606.944786855762
0.182772409196934,606.944786855762
0.183105631456181,606.944786855762
0.183438853715428,606.944786855762
0.183772075974675,606.944786855762
0.184105298233922,606.944786855762
0.184438520493169,606.944786855762
0.184771742752416,606.944786855762
0.185104965011663,606.944786855762
0.18543818727091,606.944786855762
0.185771409530157,606.944786855762
0.186104631789404,606.944786855762
0.18643785404865,606.944786855762
0.186771076307897,606.944786855762
0.187104298567144,606.944786855762
0.187437520826391,606.944786855762
0.187770743085638,606.944786855762
0.188103965344885,606.944786855762
0.188437187604132,606.944786855762
0.188770409863379,606.944786855762
0.189103632122626,606.944786855762
0.189436854381873,606.944786855762
0.18977007664112,606.944786855762
0.190103298900367,606.944786855762
0.190436521159613,606.944786855762
0.19076974341886,606.944786855762
0.191102965678107,606.944786855762
0.191436187937354,606.944786855762
0.191769410196601,606.944786855762
0.192102632455848,606.944786855762
0.192435854715095,606.944786855762
0.192769076974342,606.944786855762
0.193102299233589,606.944786855762
0.193435521492836,606.944786855762
0.193768743752083,606.944786855762
0.19410196601133,606.944786855762
0.194435188270576,606.944786855762
0.194768410529823,606.944786855762
0.19510163278907,606.944786855762
0.195434855048317,606.944786855762
0.195768077307564,606.944786855762
0.196101299566811,606.944786855762
0.196434521826058,606.944786855762
0.196767744085305,606.944786855762
0.197100966344552,606.944786855762
0.197434188603799,606.944786855762
0.197767410863046,606.944786855762
0.198100633122293,606.944786855762
0.198433855381539,606.944786855762
0.198767077640786,606.944786855762
0.199100299900033,606.944786855762
0.19943352215928,606.944786855762
0.199766744418527,606.944786855762
0.200099966677774,606.944786855762
0.200433188937021,606.944786855762
0.200766411196268,606.944786855762
0.201099633455515,606.944786855762
0.201432855714762,606.944786855762
0.201766077974009,606.944786855762
0.202099300233256,606.944786855762
0.202432522492503,606.944786855762
0.202765744751749,606.944786855762
0.203098967010996,606.944786855762
0.203432189270243,606.944786855762
0.20376541152949,606.944786855762
0.204098633788737,606.944786855762
0.204431856047984,606.944786855762
0.204765078307231,606.944786855762
0.205098300566478,606.944786855762
0.205431522825725,606.944786855762
0.205764745084972,606.944786855762
0.206097967344219,606.944786855762
0.206431189603466,606.944786855762
0.206764411862712,606.944786855762
0.207097634121959,606.944786855762
0.207430856381206,606.944786855762
0.207764078640453,606.944786855762
0.2080973008997,606.944786855762
0.208430523158947,606.944786855762
0.208763745418194,606.944786855762
0.209096967677441,606.944786855762
0.209430189936688,606.944786855762
0.209763412195935,606.944786855762
0.210096634455182,606.944786855762
0.210429856714429,606.944786855762
0.210763078973675,606.944786855762
0.211096301232922,606.944786855762
0.211429523492169,606.944786855762
0.211762745751416,606.944786855762
0.212095968010663,606.944786855762
0.21242919026991,606.944786855762
0.212762412529157,606.944786855762
0.213095634788404,606.944786855762
0.213428857047651,606.944786855762
0.213762079306898,606.944786855762
0.214095301566145,606.944786855762
0.214428523825392,606.944786855762
0.214761746084638,606.944786855762
0.215094968343885,606.944786855762
0.215428190603132,606.944786855762
0.215761412862379,606.944786855762
0.216094635121626,606.944786855762
0.216427857380873,606.944786855762
0.21676107964012,606.944786855762
0.217094301899367,606.944786855762
0.217427524158614,606.944786855762
0.217760746417861,606.944786855762
0.218093968677108,606.944786855762
0.218427190936355,606.944786855762
0.218760413195601,606.944786855762
0.219093635454848,606.944786855762
0.219426857714095,606.944786855762
0.219760079973342,606.944786855762
0.220093302232589,606.944786855762
0.220426524491836,606.944786855762
0.220759746751083,606.944786855762
0.22109296901033,606.944786855762
0.221426191269577,606.944786855762
0.221759413528824,606.944786855762
0.222092635788071,606.944786855762
0.222425858047318,606.944786855762
0.222759080306564,606.944786855762
0.223092302565811,606.944786855762
0.223425524825058,606.944786855762
0.223758747084305,606.944786855762
0.224091969343552,606.944786855762
0.224425191602799,606.944786855762
0.224758413862046,606.944786855762
0.225091636121293,606.944786855762
0.22542485838054,606.944786855762
0.225758080639787,606.944786855762
0.226091302899034,606.944786855762
0.226424525158281,606.944786855762
0.226757747417527,606.944786855762
0.227090969676774,606.944786855762
0.227424191936021,606.944786855762
0.227757414195268,606.944786855762
0.228090636454515,606.944786855762
0.228423858713762,606.944786855762
0.228757080973009,606.944786855762
0.229090303232256,606.944786855762
0.229423525491503,606.944786855762
0.22975674775075,606.944786855762
0.230089970009997,606.944786855762
0.230423192269244,606.944786855762
0.23075641452849,606.944786855762
0.231089636787737,606.944786855762
0.231422859046984,606.944786855762
0.231756081306231,606.944786855762
0.232089303565478,606.944786855762
0.232422525824725,606.944786855762
0.232755748083972,606.944786855762
0.233088970343219,606.944786855762
0.233422192602466,606.944786855762
0.233755414861713,606.944786855762
0.23408863712096,606.944786855762
0.234421859380207,606.944786855762
0.234755081639454,606.944786855762
0.2350883038987,606.944786855762
0.235421526157947,606.944786855762
0.235754748417194,606.944786855762
0.236087970676441,606.944786855762
0.236421192935688,606.944786855762
0.236754415194935,606.944786855762
0.237087637454182,606.944786855762
0.237420859713429,606.944786855762
0.237754081972676,606.944786855762
0.238087304231923,606.944786855762
0.23842052649117,606.944786855762
0.238753748750417,606.944786855762
0.239086971009663,606.944786855762
0.23942019326891,606.944786855762
0.239753415528157,606.944786855762
0.240086637787404,606.944786855762
0.240419860046651,606.944786855762
0.240753082305898,606.944786855762
0.241086304565145,606.944786855762
0.241419526824392,606.944786855762
0.241752749083639,606.944786855762
0.242085971342886,606.944786855762
0.242419193602133,606.944786855762
0.24275241586138,606.944786855762
0.243085638120626,606.944786855762
0.243418860379873,606.944786855762
0.24375208263912,606.944786855762
0.244085304898367,606.944786855762
0.244418527157614,606.944786855762
0.244751749416861,606.944786855762
0.245084971676108,606.944786855762
0.245418193935355,606.944786855762
0.245751416194602,606.944786855762
0.246084638453849,606.944786855762
0.246417860713096,606.944786855762
0.246751082972343,606.944786855762
0.247084305231589,606.944786855762
0.247417527490836,606.944786855762
0.247750749750083,606.944786855762
0.24808397200933,606.944786855762
0.248417194268577,606.944786855762
0.248750416527824,606.944786855762
0.249083638787071,606.944786855762
0.249416861046318,606.944786855762
0.249750083305565,606.944786855762
0.250083305564812,606.944786855762
0.250416527824059,606.944786855762
0.250749750083306,606.944786855762
0.251082972342553,606.944786855762
0.251416194601799,606.944786855762
0.251749416861046,606.944786855762
0.252082639120293,606.944786855762
0.25241586137954,606.944786855762
0.252749083638787,606.944786855762
0.253082305898034,606.944786855762
0.253415528157281,606.944786855762
0.253748750416528,606.944786855762
0.254081972675775,606.944786855762
0.254415194935022,606.944786855762
0.254748417194269,606.944786855762
0.255081639453515,606.944786855762
0.255414861712762,606.944786855762
0.255748083972009,606.944786855762
0.256081306231256,606.944786855762
0.256414528490503,606.944786855762
0.25674775074975,606.944786855762
0.257080973008997,606.944786855762
0.257414195268244,606.944786855762
0.257747417527491,606.944786855762
0.258080639786738,606.944786855762
0.258413862045985,606.944786855762
0.258747084305232,606.944786855762
0.259080306564479,606.944786855762
0.259413528823725,606.944786855762
0.259746751082972,606.944786855762
0.260079973342219,606.944786855762
0.260413195601466,606.944786855762
0.260746417860713,606.944786855762
0.26107964011996,606.944786855762
0.261412862379207,606.944786855762
0.261746084638454,606.944786855762
0.262079306897701,606.944786855762
0.262412529156948,606.944786855762
0.262745751416195,606.944786855762
0.263078973675442,606.944786855762
0.263412195934688,606.944786855762
0.263745418193935,606.944786855762
0.264078640453182,606.944786855762
0.264411862712429,606.944786855762
0.264745084971676,606.944786855762
0.265078307230923,606.944786855762
0.26541152949017,606.944786855762
0.265744751749417,606.944786855762
0.266077974008664,606.944786855762
0.266411196267911,606.944786855762
0.266744418527158,606.944786855762
0.267077640786405,606.944786855762
0.267410863045651,606.944786855762
0.267744085304898,606.944786855762
0.268077307564145,606.944786855762
0.268410529823392,606.944786855762
0.268743752082639,606.944786855762
0.269076974341886,606.944786855762
0.269410196601133,606.944786855762
0.26974341886038,606.944786855762
0.270076641119627,606.944786855762
0.270409863378874,606.944786855762
0.270743085638121,606.944786855762
0.271076307897368,606.944786855762
0.271409530156614,606.944786855762
0.271742752415861,606.944786855762
0.272075974675108,606.944786855762
0.272409196934355,606.944786855762
0.272742419193602,606.944786855762
0.273075641452849,606.944786855762
0.273408863712096,606.944786855762
0.273742085971343,606.944786855762
0.27407530823059,606.944786855762
0.274408530489837,606.944786855762
0.274741752749084,606.944786855762
0.275074975008331,606.944786855762
0.275408197267577,606.944786855762
0.275741419526824,606.944786855762
0.276074641786071,606.944786855762
0.276407864045318,606.944786855762
0.276741086304565,606.944786855762
0.277074308563812,606.944786855762
0.277407530823059,606.944786855762
0.277740753082306,606.944786855762
0.278073975341553,606.944786855762
0.2784071976008,606.944786855762
0.278740419860047,606.944786855762
0.279073642119294,606.944786855762
0.279406864378541,606.944786855762
0.279740086637787,606.944786855762
0.280073308897034,606.944786855762
0.280406531156281,606.944786855762
0.280739753415528,606.944786855762
0.281072975674775,606.944786855762
0.281406197934022,606.944786855762
0.281739420193269,606.944786855762
0.282072642452516,606.944786855762
0.282405864711763,606.944786855762
0.28273908697101,606.944786855762
0.283072309230257,606.944786855762
0.283405531489504,606.944786855762
0.28373875374875,606.944786855762
0.284071976007997,606.944786855762
0.284405198267244,606.944786855762
0.284738420526491,606.944786855762
0.285071642785738,606.944786855762
0.285404865044985,606.944786855762
0.285738087304232,606.944786855762
0.286071309563479,606.944786855762
0.286404531822726,606.944786855762
0.286737754081973,606.944786855762
0.28707097634122,606.944786855762
0.287404198600467,606.944786855762
0.287737420859713,606.944786855762
0.28807064311896,606.944786855762
0.288403865378207,606.944786855762
0.288737087637454,606.944786855762
0.289070309896701,606.944786855762
0.289403532155948,606.944786855762
0.289736754415195,606.944786855762
0.290069976674442,606.944786855762
0.290403198933689,606.944786855762
0.290736421192936,606.944786855762
0.291069643452183,606.944786855762
0.29140286571143,606.944786855762
0.291736087970676,606.944786855762
0.292069310229923,606.944786855762
0.29240253248917,606.944786855762
0.292735754748417,606.944786855762
0.293068977007664,606.944786855762
0.293402199266911,606.944786855762
0.293735421526158,606.944786855762
0.294068643785405,606.944786855762
0.294401866044652,606.944786855762
0.294735088303899,606.944786855762
0.295068310563146,606.944786855762
0.295401532822393,606.944786855762
0.295734755081639,606.944786855762
0.296067977340886,606.944786855762
0.296401199600133,606.944786855762
0.29673442185938,606.944786855762
0.297067644118627,606.944786855762
0.297400866377874,606.944786855762
0.297734088637121,606.944786855762
0.298067310896368,606.944786855762
0.298400533155615,606.944786855762
0.298733755414862,606.944786855762
0.299066977674109,606.944786855762
0.299400199933356,606.944786855762
0.299733422192602,606.944786855762
0.300066644451849,606.944786855762
0.300399866711096,606.944786855762
0.300733088970343,606.944786855762
0.30106631122959,606.944786855762
0.301399533488837,606.944786855762
0.301732755748084,606.944786855762
0.302065978007331,606.944786855762
0.302399200266578,606.944786855762
0.302732422525825,606.944786855762
0.303065644785072,606.944786855762
0.303398867044319,606.944786855762
0.303732089303565,606.944786855762
0.304065311562812,606.944786855762
0.304398533822059,606.944786855762
0.304731756081306,606.944786855762
0.305064978340553,606.944786855762
0.3053982005998,606.944786855762
0.305731422859047,606.944786855762
0.306064645118294,606.944786855762
0.306397867377541,606.944786855762
0.306731089636788,606.944786855762
0.307064311896035,606.944786855762
0.307397534155282,606.944786855762
0.307730756414529,606.944786855762
0.308063978673775,606.944786855762
0.308397200933022,606.944786855762
0.308730423192269,606.944786855762
0.309063645451516,606.944786855762
0.309396867710763,606.944786855762
0.30973008997001,606.944786855762
0.310063312229257,606.944786855762
0.310396534488504,606.944786855762
0.310729756747751,606.944786855762
0.311062979006998,606.944786855762
0.311396201266245,606.944786855762
0.311729423525491,606.944786855762
0.312062645784738,606.944786855762
0.312395868043985,606.944786855762
0.312729090303232,606.944786855762
0.313062312562479,606.944786855762
0.313395534821726,606.944786855762
0.313728757080973,606.944786855762
0.31406197934022,606.944786855762
0.314395201599467,606.944786855762
0.314728423858714,606.944786855762
0.315061646117961,606.944786855762
0.315394868377208,606.944786855762
0.315728090636455,606.944786855762
0.316061312895701,606.944786855762
0.316394535154948,606.944786855762
0.316727757414195,606.944786855762
0.317060979673442,606.944786855762
0.317394201932689,606.944786855762
0.317727424191936,606.944786855762
0.318060646451183,606.944786855762
0.31839386871043,606.944786855762
0.318727090969677,606.944786855762
0.319060313228924,606.944786855762
0.319393535488171,606.944786855762
0.319726757747418,606.944786855762
0.320059980006664,606.944786855762
0.320393202265911,606.944786855762
0.320726424525158,606.944786855762
0.321059646784405,606.944786855762
0.321392869043652,606.944786855762
0.321726091302899,606.944786855762
0.322059313562146,606.944786855762
0.322392535821393,606.944786855762
0.32272575808064,606.944786855762
0.323058980339887,606.944786855762
0.323392202599134,606.944786855762
0.323725424858381,606.944786855762
0.324058647117627,606.944786855762
0.324391869376874,606.944786855762
0.324725091636121,606.944786855762
0.325058313895368,606.944786855762
0.325391536154615,606.944786855762
0.325724758413862,606.944786855762
0.326057980673109,606.944786855762
0.326391202932356,606.944786855762
0.326724425191603,606.944786855762
0.32705764745085,606.944786855762
0.327390869710097,606.944786855762
0.327724091969344,606.944786855762
0.32805731422859,606.944786855762
0.328390536487837,606.944786855762
0.328723758747084,606.944786855762
0.329056981006331,606.944786855762
0.329390203265578,606.944786855762
0.329723425524825,606.944786855762
0.330056647784072,606.944786855762
0.330389870043319,606.944786855762
0.330723092302566,606.944786855762
0.331056314561813,606.944786855762
0.33138953682106,606.944786855762
0.331722759080307,606.944786855762
0.332055981339553,606.944786855762
0.3323892035988,606.944786855762
0.332722425858047,606.944786855762
0.333055648117294,606.944786855762
0.333388870376541,606.944786855762
0.333722092635788,606.944786855762
0.334055314895035,606.944786855762
0.334388537154282,606.944786855762
0.334721759413529,606.944786855762
0.335054981672776,606.944786855762
0.335388203932023,606.944786855762
0.33572142619127,606.944786855762
0.336054648450517,606.944786855762
0.336387870709763,606.944786855762
0.33672109296901,606.944786855762
0.337054315228257,606.944786855762
0.337387537487504,606.944786855762
0.337720759746751,606.944786855762
0.338053982005998,606.944786855762
0.338387204265245,606.944786855762
0.338720426524492,606.944786855762
0.339053648783739,606.944786855762
0.339386871042986,606.944786855762
0.339720093302233,606.944786855762
0.340053315561479,606.944786855762
0.340386537820726,606.944786855762
0.340719760079973,606.944786855762
0.34105298233922,606.944786855762
0.341386204598467,606.944786855762
0.341719426857714,606.944786855762
0.342052649116961,606.944786855762
0.342385871376208,606.944786855762
0.342719093635455,606.944786855762
0.343052315894702,606.944786855762
0.343385538153949,606.944786855762
0.343718760413196,606.944786855762
0.344051982672443,606.944786855762
0.344385204931689,606.944786855762
0.344718427190936,606.944786855762
0.345051649450183,606.944786855762
0.34538487170943,606.944786855762
0.345718093968677,606.944786855762
0.346051316227924,606.944786855762
0.346384538487171,606.944786855762
0.346717760746418,606.944786855762
0.347050983005665,606.944786855762
0.347384205264912,606.944786855762
0.347717427524159,606.944786855762
0.348050649783406,606.944786855762
0.348383872042652,606.944786855762
0.348717094301899,606.944786855762
0.349050316561146,606.944786855762
0.349383538820393,606.944786855762
0.34971676107964,606.944786855762
0.350049983338887,606.944786855762
0.350383205598134,606.944786855762
0.350716427857381,606.944786855762
0.351049650116628,606.944786855762
0.351382872375875,606.944786855762
0.351716094635122,606.944786855762
0.352049316894369,606.944786855762
0.352382539153615,606.944786855762
0.352715761412862,606.944786855762
0.353048983672109,606.944786855762
0.353382205931356,606.944786855762
0.353715428190603,606.944786855762
0.35404865044985,606.944786855762
0.354381872709097,606.944786855762
0.354715094968344,606.944786855762
0.355048317227591,606.944786855762
0.355381539486838,606.944786855762
0.355714761746085,606.944786855762
0.356047984005332,606.944786855762
0.356381206264578,606.944786855762
0.356714428523825,606.944786855762
0.357047650783072,606.944786855762
0.357380873042319,606.944786855762
0.357714095301566,606.944786855762
0.358047317560813,606.944786855762
0.35838053982006,606.944786855762
0.358713762079307,606.944786855762
0.359046984338554,606.944786855762
0.359380206597801,606.944786855762
0.359713428857048,606.944786855762
0.360046651116295,606.944786855762
0.360379873375542,606.944786855762
0.360713095634788,606.944786855762
0.361046317894035,606.944786855762
0.361379540153282,606.944786855762
0.361712762412529,606.944786855762
0.362045984671776,606.944786855762
0.362379206931023,606.944786855762
0.36271242919027,606.944786855762
0.363045651449517,606.944786855762
0.363378873708764,606.944786855762
0.363712095968011,606.944786855762
0.364045318227258,606.944786855762
0.364378540486505,606.944786855762
0.364711762745751,606.944786855762
0.365044985004998,606.944786855762
0.365378207264245,606.944786855762
0.365711429523492,606.944786855762
0.366044651782739,606.944786855762
0.366377874041986,606.944786855762
0.366711096301233,606.944786855762
0.36704431856048,606.944786855762
0.367377540819727,606.944786855762
0.367710763078974,606.944786855762
0.368043985338221,606.944786855762
0.368377207597468,606.944786855762
0.368710429856714,606.944786855762
0.369043652115961,606.944786855762
0.369376874375208,606.944786855762
0.369710096634455,606.944786855762
0.370043318893702,606.944786855762
0.370376541152949,606.944786855762
0.370709763412196,606.944786855762
0.371042985671443,606.944786855762
0.37137620793069,606.944786855762
0.371709430189937,606.944786855762
0.372042652449184,606.944786855762
0.372375874708431,606.944786855762
0.372709096967677,606.944786855762
0.373042319226924,606.944786855762
0.373375541486171,606.944786855762
0.373708763745418,606.944786855762
0.374041986004665,606.944786855762
0.374375208263912,606.944786855762
0.374708430523159,606.944786855762
0.375041652782406,606.944786855762
0.375374875041653,606.944786855762
0.3757080973009,606.944786855762
0.376041319560147,606.944786855762
0.376374541819394,606.944786855762
0.37670776407864,606.944786855762
0.377040986337887,606.944786855762
0.377374208597134,606.944786855762
0.377707430856381,606.944786855762
0.378040653115628,606.944786855762
0.378373875374875,606.944786855762
0.378707097634122,606.944786855762
0.379040319893369,606.944786855762
0.379373542152616,606.944786855762
0.379706764411863,606.944786855762
0.38003998667111,606.944786855762
0.380373208930357,606.944786855762
0.380706431189603,606.944786855762
0.38103965344885,606.944786855762
0.381372875708097,606.944786855762
0.381706097967344,606.944786855762
0.382039320226591,606.944786855762
0.382372542485838,606.944786855762
0.382705764745085,606.944786855762
0.383038987004332,606.944786855762
0.383372209263579,606.944786855762
0.383705431522826,606.944786855762
0.384038653782073,606.944786855762
0.38437187604132,606.944786855762
0.384705098300566,606.944786855762
0.385038320559813,606.944786855762
0.38537154281906,606.944786855762
0.385704765078307,606.944786855762
0.386037987337554,606.944786855762
0.386371209596801,606.944786855762
0.386704431856048,606.944786855762
0.387037654115295,606.944786855762
0.387370876374542,606.944786855762
0.387704098633789,606.944786855762
0.388037320893036,606.944786855762
0.388370543152283,606.944786855762
0.38870376541153,606.944786855762
0.389036987670776,606.944786855762
0.389370209930023,606.944786855762
0.38970343218927,606.944786855762
0.390036654448517,606.944786855762
0.390369876707764,606.944786855762
0.390703098967011,606.944786855762
0.391036321226258,606.944786855762
0.391369543485505,606.944786855762
0.391702765744752,606.944786855762
0.392035988003999,606.944786855762
0.392369210263246,606.944786855762
0.392702432522493,606.944786855762
0.393035654781739,606.944786855762
0.393368877040986,606.944786855762
0.393702099300233,606.944786855762
0.39403532155948,606.944786855762
0.394368543818727,606.944786855762
0.394701766077974,606.944786855762
0.395034988337221,606.944786855762
0.395368210596468,606.944786855762
0.395701432855715,606.944786855762
0.396034655114962,606.944786855762
0.396367877374209,606.944786855762
0.396701099633456,606.944786855762
0.397034321892702,606.944786855762
0.397367544151949,606.944786855762
0.397700766411196,606.944786855762
0.398033988670443,606.944786855762
0.39836721092969,606.944786855762
0.398700433188937,606.944786855762
0.399033655448184,606.944786855762
0.399366877707431,606.944786855762
0.399700099966678,606.944786855762
0.400033322225925,606.944786855762
0.400366544485172,606.944786855762
0.400699766744419,606.944786855762
0.401032989003665,606.944786855762
0.401366211262912,606.944786855762
0.401699433522159,606.944786855762
0.402032655781406,606.944786855762
0.402365878040653,606.944786855762
0.4026991002999,606.944786855762
0.403032322559147,606.944786855762
0.403365544818394,606.944786855762
0.403698767077641,606.944786855762
0.404031989336888,606.944786855762
0.404365211596135,606.944786855762
0.404698433855382,606.944786855762
0.405031656114628,606.944786855762
0.405364878373875,606.944786855762
0.405698100633122,606.944786855762
0.406031322892369,606.944786855762
0.406364545151616,606.944786855762
0.406697767410863,606.944786855762
0.40703098967011,606.944786855762
0.407364211929357,606.944786855762
0.407697434188604,606.944786855762
0.408030656447851,606.944786855762
0.408363878707098,606.944786855762
0.408697100966345,606.944786855762
0.409030323225591,606.944786855762
0.409363545484838,606.944786855762
0.409696767744085,606.944786855762
0.410029990003332,606.944786855762
0.410363212262579,606.944786855762
0.410696434521826,606.944786855762
0.411029656781073,606.944786855762
0.41136287904032,606.944786855762
0.411696101299567,606.944786855762
0.412029323558814,606.944786855762
0.412362545818061,606.944786855762
0.412695768077308,606.944786855762
0.413028990336554,606.944786855762
0.413362212595801,606.944786855762
0.413695434855048,606.944786855762
0.414028657114295,606.944786855762
0.414361879373542,606.944786855762
0.414695101632789,606.944786855762
0.415028323892036,606.944786855762
0.415361546151283,606.944786855762
0.41569476841053,606.944786855762
0.416027990669777,606.944786855762
0.416361212929024,606.944786855762
0.416694435188271,606.944786855762
0.417027657447518,606.944786855762
0.417360879706764,606.944786855762
0.417694101966011,606.944786855762
0.418027324225258,606.944786855762
0.418360546484505,606.944786855762
0.418693768743752,606.944786855762
0.419026991002999,606.944786855762
0.419360213262246,606.944786855762
0.419693435521493,606.944786855762
0.42002665778074,606.944786855762
0.420359880039987,606.944786855762
0.420693102299234,606.944786855762
0.421026324558481,606.944786855762
0.421359546817727,606.944786855762
0.421692769076974,606.944786855762
0.422025991336221,606.944786855762
0.422359213595468,606.944786855762
0.422692435854715,606.944786855762
0.423025658113962,606.944786855762
0.423358880373209,606.944786855762
0.423692102632456,606.944786855762
0.424025324891703,606.944786855762
0.42435854715095,606.944786855762
0.424691769410197,606.944786855762
0.425024991669444,606.944786855762
0.42535821392869,606.944786855762
0.425691436187937,606.944786855762
0.426024658447184,606.944786855762
0.426357880706431,606.944786855762
0.426691102965678,606.944786855762
0.427024325224925,606.944786855762
0.427357547484172,606.944786855762
0.427690769743419,606.944786855762
0.428023992002666,606.944786855762
0.428357214261913,606.944786855762
0.42869043652116,606.944786855762
0.429023658780407,606.944786855762
0.429356881039653,606.944786855762
0.4296901032989,606.944786855762
0.430023325558147,606.944786855762
0.430356547817394,606.944786855762
0.430689770076641,606.944786855762
0.431022992335888,606.944786855762
0.431356214595135,606.944786855762
0.431689436854382,606.944786855762
0.432022659113629,606.944786855762
0.432355881372876,606.944786855762
0.432689103632123,606.944786855762
0.43302232589137,606.944786855762
0.433355548150616,606.944786855762
0.433688770409863,606.944786855762
0.43402199266911,606.944786855762
0.434355214928357,606.944786855762
0.434688437187604,606.944786855762
0.435021659446851,606.944786855762
0.435354881706098,606.944786855762
0.435688103965345,606.944786855762
0.436021326224592,606.944786855762
0.436354548483839,606.944786855762
0.436687770743086,606.944786855762
0.437020993002333,606.944786855762
0.437354215261579,606.944786855762
0.437687437520826,606.944786855762
0.438020659780073,606.944786855762
0.43835388203932,606.944786855762
0.438687104298567,606.944786855762
0.439020326557814,606.944786855762
0.439353548817061,606.944786855762
0.439686771076308,606.944786855762
0.440019993335555,606.944786855762
0.440353215594802,606.944786855762
0.440686437854049,606.944786855762
0.441019660113296,606.944786855762
0.441352882372542,606.944786855762
0.441686104631789,606.944786855762
0.442019326891036,606.944786855762
0.442352549150283,606.944786855762
0.44268577140953,606.944786855762
0.443018993668777,606.944786855762
0.443352215928024,606.944786855762
0.443685438187271,606.944786855762
0.444018660446518,606.944786855762
0.444351882705765,606.944786855762
0.444685104965012,606.944786855762
0.445018327224259,606.944786855762
0.445351549483506,606.944786855762
0.445684771742752,606.944786855762
0.446017994001999,606.944786855762
0.446351216261246,606.944786855762
0.446684438520493,606.944786855762
0.44701766077974,606.944786855762
0.447350883038987,606.944786855762
0.447684105298234,606.944786855762
0.448017327557481,606.944786855762
0.448350549816728,606.944786855762
0.448683772075975,606.944786855762
0.449016994335222,606.944786855762
0.449350216594468,606.944786855762
0.449683438853715,606.944786855762
0.450016661112962,606.944786855762
0.450349883372209,606.944786855762
0.450683105631456,606.944786855762
0.451016327890703,606.944786855762
0.45134955014995,606.944786855762
0.451682772409197,606.944786855762
0.452015994668444,606.944786855762
0.452349216927691,606.944786855762
0.452682439186938,606.944786855762
0.453015661446185,606.944786855762
0.453348883705432,606.944786855762
0.453682105964678,606.944786855762
0.454015328223925,606.944786855762
0.454348550483172,606.944786855762
0.454681772742419,606.944786855762
0.455014995001666,606.944786855762
0.455348217260913,606.944786855762
0.45568143952016,606.944786855762
0.456014661779407,606.944786855762
0.456347884038654,606.944786855762
0.456681106297901,606.944786855762
0.457014328557148,606.944786855762
0.457347550816395,606.944786855762
0.457680773075641,606.944786855762
0.458013995334888,606.944786855762
0.458347217594135,606.944786855762
0.458680439853382,606.944786855762
0.459013662112629,606.944786855762
0.459346884371876,606.944786855762
0.459680106631123,606.944786855762
0.46001332889037,606.944786855762
0.460346551149617,606.944786855762
0.460679773408864,606.944786855762
0.461012995668111,606.944786855762
0.461346217927358,606.944786855762
0.461679440186604,606.944786855762
0.462012662445851,606.944786855762
0.462345884705098,606.944786855762
0.462679106964345,606.944786855762
0.463012329223592,606.944786855762
0.463345551482839,606.944786855762
0.463678773742086,606.944786855762
0.464011996001333,606.944786855762
0.46434521826058,606.944786855762
0.464678440519827,606.944786855762
0.465011662779074,606.944786855762
0.465344885038321,606.944786855762
0.465678107297567,606.944786855762
0.466011329556814,606.944786855762
0.466344551816061,606.944786855762
0.466677774075308,606.944786855762
0.467010996334555,606.944786855762
0.467344218593802,606.944786855762
0.467677440853049,606.944786855762
0.468010663112296,606.944786855762
0.468343885371543,606.944786855762
0.46867710763079,606.944786855762
0.469010329890037,606.944786855762
0.469343552149284,606.944786855762
0.469676774408531,606.944786855762
0.470009996667777,606.944786855762
0.470343218927024,606.944786855762
0.470676441186271,606.944786855762
0.471009663445518,606.944786855762
0.471342885704765,606.944786855762
0.471676107964012,606.944786855762
0.472009330223259,606.944786855762
0.472342552482506,606.944786855762
0.472675774741753,606.944786855762
0.473008997001,606.944786855762
0.473342219260247,606.944786855762
0.473675441519494,606.944786855762
0.47400866377874,606.944786855762
0.474341886037987,606.944786855762
0.474675108297234,606.944786855762
0.475008330556481,606.944786855762
0.475341552815728,606.944786855762
0.475674775074975,606.944786855762
0.476007997334222,606.944786855762
0.476341219593469,606.944786855762
0.476674441852716,606.944786855762
0.477007664111963,606.944786855762
0.47734088637121,606.944786855762
0.477674108630457,606.944786855762
0.478007330889703,606.944786855762
0.47834055314895,606.944786855762
0.478673775408197,606.944786855762
0.479006997667444,606.944786855762
0.479340219926691,606.944786855762
0.479673442185938,606.944786855762
0.480006664445185,606.944786855762
0.480339886704432,606.944786855762
0.480673108963679,606.944786855762
0.481006331222926,606.944786855762
0.481339553482173,606.944786855762
0.48167277574142,606.944786855762
0.482005998000666,606.944786855762
0.482339220259913,606.944786855762
0.48267244251916,606.944786855762
0.483005664778407,606.944786855762
0.483338887037654,606.944786855762
0.483672109296901,606.944786855762
0.484005331556148,606.944786855762
0.484338553815395,606.944786855762
0.484671776074642,606.944786855762
0.485004998333889,606.944786855762
0.485338220593136,606.944786855762
0.485671442852383,606.944786855762
0.486004665111629,606.944786855762
0.486337887370876,606.944786855762
0.486671109630123,606.944786855762
0.48700433188937,606.944786855762
0.487337554148617,606.944786855762
0.487670776407864,606.944786855762
0.488003998667111,606.944786855762
0.488337220926358,606.944786855762
0.488670443185605,606.944786855762
0.489003665444852,606.944786855762
0.489336887704099,606.944786855762
0.489670109963346,606.944786855762
0.490003332222593,606.944786855762
0.490336554481839,606.944786855762
0.490669776741086,606.944786855762
0.491002999000333,606.944786855762
0.49133622125958,606.944786855762
0.491669443518827,606.944786855762
0.492002665778074,606.944786855762
0.492335888037321,606.944786855762
0.492669110296568,606.944786855762
0.493002332555815,606.944786855762
0.493335554815062,606.944786855762
0.493668777074309,606.944786855762
0.494001999333555,606.944786855762
0.494335221592802,606.944786855762
0.494668443852049,606.944786855762
0.495001666111296,606.944786855762
0.495334888370543,606.944786855762
0.49566811062979,606.944786855762
0.496001332889037,606.944786855762
0.496334555148284,606.944786855762
0.496667777407531,606.944786855762
0.497000999666778,606.944786855762
0.497334221926025,606.944786855762
0.497667444185272,606.944786855762
0.498000666444519,606.944786855762
0.498333888703765,606.944786855762
0.498667110963012,606.944786855762
0.499000333222259,606.944786855762
0.499333555481506,606.944786855762
0.499666777740753,606.944786855762
0.5,606.944786855762
0.500333222259247,606.944786855762
0.500666444518494,606.944786855762
0.500999666777741,606.944786855762
0.501332889036988,606.944786855762
0.501666111296235,606.944786855762
0.501999333555482,606.944786855762
0.502332555814728,606.944786855762
0.502665778073975,606.944786855762
0.502999000333222,606.944786855762
0.503332222592469,606.944786855762
0.503665444851716,606.944786855762
0.503998667110963,606.944786855762
0.50433188937021,606.944786855762
0.504665111629457,606.944786855762
0.504998333888704,606.944786855762
0.505331556147951,606.944786855762
0.505664778407198,606.944786855762
0.505998000666445,606.944786855762
0.506331222925691,606.944786855762
0.506664445184938,606.944786855762
0.506997667444185,606.944786855762
0.507330889703432,606.944786855762
0.507664111962679,606.944786855762
0.507997334221926,606.944786855762
0.508330556481173,606.944786855762
0.50866377874042,606.944786855762
0.508997000999667,606.944786855762
0.509330223258914,606.944786855762
0.509663445518161,606.944786855762
0.509996667777408,606.944786855762
0.510329890036654,606.944786855762
0.510663112295901,606.944786855762
0.510996334555148,606.944786855762
0.511329556814395,606.944786855762
0.511662779073642,606.944786855762
0.511996001332889,606.944786855762
0.512329223592136,606.944786855762
0.512662445851383,606.944786855762
0.51299566811063,606.944786855762
0.513328890369877,606.944786855762
0.513662112629124,606.944786855762
0.513995334888371,606.944786855762
0.514328557147617,606.944786855762
0.514661779406864,606.944786855762
0.514995001666111,606.944786855762
0.515328223925358,606.944786855762
0.515661446184605,606.944786855762
0.515994668443852,606.944786855762
0.516327890703099,606.944786855762
0.516661112962346,606.944786855762
0.516994335221593,606.944786855762
0.51732755748084,606.944786855762
0.517660779740087,606.944786855762
0.517994001999334,606.944786855762
0.51832722425858,606.944786855762
0.518660446517827,606.944786855762
0.518993668777074,606.944786855762
0.519326891036321,606.944786855762
0.519660113295568,606.944786855762
0.519993335554815,606.944786855762
0.520326557814062,606.944786855762
0.520659780073309,606.944786855762
0.520993002332556,606.944786855762
0.521326224591803,606.944786855762
0.52165944685105,606.944786855762
0.521992669110297,606.944786855762
0.522325891369544,606.944786855762
0.52265911362879,606.944786855762
0.522992335888037,606.944786855762
0.523325558147284,606.944786855762
0.523658780406531,606.944786855762
0.523992002665778,606.944786855762
0.524325224925025,606.944786855762
0.524658447184272,606.944786855762
0.524991669443519,606.944786855762
0.525324891702766,606.944786855762
0.525658113962013,606.944786855762
0.52599133622126,606.944786855762
0.526324558480507,606.944786855762
0.526657780739753,606.944786855762
0.526991002999,606.944786855762
0.527324225258247,606.944786855762
0.527657447517494,606.944786855762
0.527990669776741,606.944786855762
0.528323892035988,606.944786855762
0.528657114295235,606.944786855762
0.528990336554482,606.944786855762
0.529323558813729,606.944786855762
0.529656781072976,606.944786855762
0.529990003332223,606.944786855762
0.530323225591469,606.944786855762
0.530656447850716,606.944786855762
0.530989670109963,606.944786855762
0.53132289236921,606.944786855762
0.531656114628457,606.944786855762
0.531989336887704,606.944786855762
0.532322559146951,606.944786855762
0.532655781406198,606.944786855762
0.532989003665445,606.944786855762
0.533322225924692,606.944786855762
0.533655448183939,606.944786855762
0.533988670443186,606.944786855762
0.534321892702433,606.944786855762
0.53465511496168,606.944786855762
0.534988337220926,606.944786855762
0.535321559480173,606.944786855762
0.53565478173942,606.944786855762
0.535988003998667,606.944786855762
0.536321226257914,606.944786855762
0.536654448517161,606.944786855762
0.536987670776408,606.944786855762
0.537320893035655,606.944786855762
0.537654115294902,606.944786855762
0.537987337554149,606.944786855762
0.538320559813396,606.944786855762
0.538653782072642,606.944786855762
0.538987004331889,606.944786855762
0.539320226591136,606.944786855762
0.539653448850383,606.944786855762
0.53998667110963,606.944786855762
0.540319893368877,606.944786855762
0.540653115628124,606.944786855762
0.540986337887371,606.944786855762
0.541319560146618,606.944786855762
0.541652782405865,606.944786855762
0.541986004665112,606.944786855762
0.542319226924359,606.944786855762
0.542652449183605,606.944786855762
0.542985671442852,606.944786855762
0.543318893702099,606.944786855762
0.543652115961346,606.944786855762
0.543985338220593,606.944786855762
0.54431856047984,606.944786855762
0.544651782739087,606.944786855762
0.544985004998334,606.944786855762
0.545318227257581,606.944786855762
0.545651449516828,606.944786855762
0.545984671776075,606.944786855762
0.546317894035322,606.944786855762
0.546651116294569,606.944786855762
0.546984338553815,606.944786855762
0.547317560813062,606.944786855762
0.547650783072309,606.944786855762
0.547984005331556,606.944786855762
0.548317227590803,606.944786855762
0.54865044985005,606.944786855762
0.548983672109297,606.944786855762
0.549316894368544,606.944786855762
0.549650116627791,606.944786855762
0.549983338887038,606.944786855762
0.550316561146285,606.944786855762
0.550649783405532,606.944786855762
0.550983005664778,606.944786855762
0.551316227924025,606.944786855762
0.551649450183272,606.944786855762
0.551982672442519,606.944786855762
0.552315894701766,606.944786855762
0.552649116961013,606.944786855762
0.55298233922026,606.944786855762
0.553315561479507,606.944786855762
0.553648783738754,606.944786855762
0.553982005998001,606.944786855762
0.554315228257248,606.944786855762
0.554648450516494,606.944786855762
0.554981672775741,606.944786855762
0.555314895034988,606.944786855762
0.555648117294235,606.944786855762
0.555981339553482,606.944786855762
0.556314561812729,606.944786855762
0.556647784071976,606.944786855762
0.556981006331223,606.944786855762
0.55731422859047,606.944786855762
0.557647450849717,606.944786855762
0.557980673108964,606.944786855762
0.558313895368211,606.944786855762
0.558647117627458,606.944786855762
0.558980339886704,606.944786855762
0.559313562145951,606.944786855762
0.559646784405198,606.944786855762
0.559980006664445,606.944786855762
0.560313228923692,606.944786855762
0.560646451182939,606.944786855762
0.560979673442186,606.944786855762
0.561312895701433,606.944786855762
0.56164611796068,606.944786855762
0.561979340219927,606.944786855762
0.562312562479174,606.944786855762
0.562645784738421,606.944786855762
0.562979006997667,606.944786855762
0.563312229256914,606.944786855762
0.563645451516161,606.944786855762
0.563978673775408,606.944786855762
0.564311896034655,606.944786855762
0.564645118293902,606.944786855762
0.564978340553149,606.944786855762
0.565311562812396,606.944786855762
0.565644785071643,606.944786855762
0.56597800733089,606.944786855762
0.566311229590137,606.944786855762
0.566644451849384,606.944786855762
0.56697767410863,606.944786855762
0.567310896367877,606.944786855762
0.567644118627124,606.944786855762
0.567977340886371,606.944786855762
0.568310563145618,606.944786855762
0.568643785404865,606.944786855762
0.568977007664112,606.944786855762
0.569310229923359,606.944786855762
0.569643452182606,606.944786855762
0.569976674441853,606.944786855762
0.5703098967011,606.944786855762
0.570643118960347,606.944786855762
0.570976341219594,606.944786855762
0.57130956347884,606.944786855762
0.571642785738087,606.944786855762
0.571976007997334,606.944786855762
0.572309230256581,606.944786855762
0.572642452515828,606.944786855762
0.572975674775075,606.944786855762
0.573308897034322,606.944786855762
0.573642119293569,606.944786855762
0.573975341552816,606.944786855762
0.574308563812063,606.944786855762
0.57464178607131,606.944786855762
0.574975008330556,606.944786855762
0.575308230589803,606.944786855762
0.57564145284905,606.944786855762
0.575974675108297,606.944786855762
0.576307897367544,606.944786855762
0.576641119626791,606.944786855762
0.576974341886038,606.944786855762
0.577307564145285,606.944786855762
0.577640786404532,606.944786855762
0.577974008663779,606.944786855762
0.578307230923026,606.944786855762
0.578640453182273,606.944786855762
0.57897367544152,606.944786855762
0.579306897700766,606.944786855762
0.579640119960013,606.944786855762
0.57997334221926,606.944786855762
0.580306564478507,606.944786855762
0.580639786737754,606.944786855762
0.580973008997001,606.944786855762
0.581306231256248,606.944786855762
0.581639453515495,606.944786855762
0.581972675774742,606.944786855762
0.582305898033989,606.944786855762
0.582639120293236,606.944786855762
0.582972342552483,606.944786855762
0.583305564811729,606.944786855762
0.583638787070976,606.944786855762
0.583972009330223,606.944786855762
0.58430523158947,606.944786855762
0.584638453848717,606.944786855762
0.584971676107964,606.944786855762
0.585304898367211,606.944786855762
0.585638120626458,606.944786855762
0.585971342885705,606.944786855762
0.586304565144952,606.944786855762
0.586637787404199,606.944786855762
0.586971009663446,606.944786855762
0.587304231922692,606.944786855762
0.587637454181939,606.944786855762
0.587970676441186,606.944786855762
0.588303898700433,606.944786855762
0.58863712095968,606.944786855762
0.588970343218927,606.944786855762
0.589303565478174,606.944786855762
0.589636787737421,606.944786855762
0.589970009996668,606.944786855762
0.590303232255915,606.944786855762
0.590636454515162,606.944786855762
0.590969676774409,606.944786855762
0.591302899033656,606.944786855762
0.591636121292902,606.944786855762
0.591969343552149,606.944786855762
0.592302565811396,606.944786855762
0.592635788070643,606.944786855762
0.59296901032989,606.944786855762
0.593302232589137,606.944786855762
0.593635454848384,606.944786855762
0.593968677107631,606.944786855762
0.594301899366878,606.944786855762
0.594635121626125,606.944786855762
0.594968343885372,606.944786855762
0.595301566144618,606.944786855762
0.595634788403865,606.944786855762
0.595968010663112,606.944786855762
0.596301232922359,606.944786855762
0.596634455181606,606.944786855762
0.596967677440853,606.944786855762
0.5973008997001,606.944786855762
0.597634121959347,606.944786855762
0.597967344218594,606.944786855762
0.598300566477841,606.944786855762
0.598633788737088,606.944786855762
0.598967010996335,606.944786855762
0.599300233255581,606.944786855762
0.599633455514828,606.944786855762
0.599966677774075,606.944786855762
0.600299900033322,606.944786855762
0.600633122292569,606.944786855762
0.600966344551816,606.944786855762
0.601299566811063,606.944786855762
0.60163278907031,606.944786855762
0.601966011329557,606.944786855762
0.602299233588804,606.944786855762
0.602632455848051,606.944786855762
0.602965678107298,606.944786855762
0.603298900366545,606.944786855762
0.603632122625791,606.944786855762
0.603965344885038,606.944786855762
0.604298567144285,606.944786855762
0.604631789403532,606.944786855762
0.604965011662779,606.944786855762
0.605298233922026,606.944786855762
0.605631456181273,606.944786855762
0.60596467844052,606.944786855762
0.606297900699767,606.944786855762
0.606631122959014,606.944786855762
0.606964345218261,606.944786855762
0.607297567477508,606.944786855762
0.607630789736754,606.944786855762
0.607964011996001,606.944786855762
0.608297234255248,606.944786855762
0.608630456514495,606.944786855762
0.608963678773742,606.944786855762
0.609296901032989,606.944786855762
0.609630123292236,606.944786855762
0.609963345551483,606.944786855762
0.61029656781073,606.944786855762
0.610629790069977,606.944786855762
0.610963012329224,606.944786855762
0.61129623458847,606.944786855762
0.611629456847717,606.944786855762
0.611962679106964,606.944786855762
0.612295901366211,606.944786855762
0.612629123625458,606.944786855762
0.612962345884705,606.944786855762
0.613295568143952,606.944786855762
0.613628790403199,606.944786855762
0.613962012662446,606.944786855762
0.614295234921693,606.944786855762
0.61462845718094,606.944786855762
0.614961679440187,606.944786855762
0.615294901699434,606.944786855762
0.61562812395868,606.944786855762
0.615961346217927,606.944786855762
0.616294568477174,606.944786855762
0.616627790736421,606.944786855762
0.616961012995668,606.944786855762
0.617294235254915,606.944786855762
0.617627457514162,606.944786855762
0.617960679773409,606.944786855762
0.618293902032656,606.944786855762
0.618627124291903,606.944786855762
0.61896034655115,606.944786855762
0.619293568810397,606.944786855762
0.619626791069643,606.944786855762
0.61996001332889,606.944786855762
0.620293235588137,606.944786855762
0.620626457847384,606.944786855762
0.620959680106631,606.944786855762
0.621292902365878,606.944786855762
0.621626124625125,606.944786855762
0.621959346884372,606.944786855762
0.622292569143619,606.944786855762
0.622625791402866,606.944786855762
0.622959013662113,606.944786855762
0.62329223592136,606.944786855762
0.623625458180606,606.944786855762
0.623958680439853,606.944786855762
0.6242919026991,606.944786855762
0.624625124958347,606.944786855762
0.624958347217594,606.944786855762
0.625291569476841,606.944786855762
0.625624791736088,606.944786855762
0.625958013995335,606.944786855762
0.626291236254582,606.944786855762
0.626624458513829,606.944786855762
0.626957680773076,606.944786855762
0.627290903032323,606.944786855762
0.62762412529157,606.944786855762
0.627957347550816,606.944786855762
0.628290569810063,606.944786855762
0.62862379206931,606.944786855762
0.628957014328557,606.944786855762
0.629290236587804,606.944786855762
0.629623458847051,606.944786855762
0.629956681106298,606.944786855762
0.630289903365545,606.944786855762
0.630623125624792,606.944786855762
0.630956347884039,606.944786855762
0.631289570143286,606.944786855762
0.631622792402532,606.944786855762
0.631956014661779,606.944786855762
0.632289236921026,606.944786855762
0.632622459180273,606.944786855762
0.63295568143952,606.944786855762
0.633288903698767,606.944786855762
0.633622125958014,606.944786855762
0.633955348217261,606.944786855762
0.634288570476508,606.944786855762
0.634621792735755,606.944786855762
0.634955014995002,606.944786855762
0.635288237254249,606.944786855762
0.635621459513495,606.944786855762
0.635954681772742,606.944786855762
0.636287904031989,606.944786855762
0.636621126291236,606.944786855762
0.636954348550483,606.944786855762
0.63728757080973,606.944786855762
0.637620793068977,606.944786855762
0.637954015328224,606.944786855762
0.638287237587471,606.944786855762
0.638620459846718,606.944786855762
0.638953682105965,606.944786855762
0.639286904365212,606.944786855762
0.639620126624459,606.944786855763
0.639953348883705,606.944786855765
0.640286571142952,606.94478685577
0.640619793402199,606.944786855777
0.640953015661446,606.944786855786
0.641286237920693,606.944786855792
0.64161946017994,606.94478685579
0.641952682439187,606.944786855753
0.642285904698434,606.944786855585
0.642619126957681,606.944786855041
0.642952349216928,606.944786853595
0.643285571476175,606.944786850411
0.643618793735422,606.944786844286
0.643952015994668,606.944786833173
0.644285238253915,606.944786813392
0.644618460513162,606.944786778385
0.644951682772409,606.944786716634
0.645284905031656,606.944786608064
0.645618127290903,606.944786417959
0.64595134955015,606.944786086628
0.646284571809397,606.944785512098
0.646617794068644,606.944784521219
0.646951016327891,606.94478282182
0.647284238587138,606.944779924068
0.647617460846385,606.944775012132
0.647950683105631,606.944766736388
0.648283905364878,606.944752879666
0.648617127624125,606.944729825643
0.648950349883372,606.944691719521
0.649283572142619,606.944629154943
0.649616794401866,606.944527139554
0.649950016661113,606.944361975104
0.65028323892036,606.944096524899
0.650616461179607,606.943673118434
0.650949683438854,606.943003047031
0.651282905698101,606.941951226952
0.651616127957348,606.94031419144
0.651949350216595,606.937789747127
0.652282572475841,606.933944023658
0.652615794735088,606.928238626898
0.652949016994335,606.920316131008
0.653282239253582,606.910435553686
0.653615461512829,606.899408667564
0.653948683772076,606.88826357193
0.654281906031323,606.878061693409
0.65461512829057,606.869666907651
0.654948350549817,606.863365965826
0.655281572809064,606.858885555097
0.655614795068311,606.85578068912
0.655948017327557,606.853660837614
0.656281239586804,606.852227544493
0.656614461846051,606.851274036781
0.656947684105298,606.850636332768
0.657280906364545,606.850233703748
0.657614128623792,606.849953617625
0.657947350883039,606.84979557614
0.658280573142286,606.849674474406
0.658613795401533,606.84960950103
0.65894701766078,606.849574686572
0.659280239920027,606.849544166074
0.659613462179274,606.849532484319
0.659946684438521,606.849526198223
0.660279906697767,606.849519106336
0.660613128957014,606.849516903615
0.660946351216261,606.849518319839
0.661279573475508,606.84952000624
0.661612795734755,606.84952553812
0.661946017994002,606.849539555833
0.662279240253249,606.849567228099
0.662612462512496,606.849609534858
0.662945684771743,606.849656598679
0.66327890703099,606.849700613799
0.663612129290237,606.849739012294
0.663945351549484,606.849771626276
0.66427857380873,606.849799808964
0.664611796067977,606.849825990474
0.664945018327224,606.849852252086
0.665278240586471,606.849879500645
0.665611462845718,606.849907820384
0.665944685104965,606.849936985518
0.666277907364212,606.849966586343
0.666611129623459,606.849996135125
0.666944351882706,606.850025305713
0.667277574141953,606.850054028065
0.6676107964012,606.850082355189
0.667944018660447,606.850110331333
0.668277240919693,606.850137982021
0.66861046317894,606.850165332883
0.668943685438187,606.850192391733
0.669276907697434,606.850219137409
0.669610129956681,606.850245542702
0.669943352215928,606.850271597582
0.670276574475175,606.850297308598
0.670609796734422,606.850322688349
0.670943018993669,606.850347749822
0.671276241252916,606.85037250421
0.671609463512163,606.850396960258
0.67194268577141,606.850421127032
0.672275908030657,606.850445017084
0.672609130289903,606.8504686445
0.67294235254915,606.850492019409
0.673275574808397,606.850515145563
0.673608797067644,606.850538023106
0.673942019326891,606.850560652563
0.674275241586138,606.850583036458
0.674608463845385,606.850605178639
0.674941686104632,606.8506270828
0.675274908363879,606.850648751014
0.675608130623126,606.85067018287
0.675941352882373,606.850691376159
0.676274575141619,606.850712329051
0.676607797400866,606.850733042204
0.676941019660113,606.850753519076
0.67727424191936,606.850773764331
0.677607464178607,606.850793781849
0.677940686437854,606.850813573891
0.678273908697101,606.850833141624
0.678607130956348,606.850852486197
0.678940353215595,606.850871609442
0.679273575474842,606.850890513977
0.679606797734089,606.85090920302
0.679940019993336,606.850927680143
0.680273242252582,606.850945949
0.680606464511829,606.850964013009
0.680939686771076,606.850981875131
0.681272909030323,606.850999537926
0.68160613128957,606.851017003845
0.681939353548817,606.851034275528
0.682272575808064,606.851051355858
0.682605798067311,606.851068247879
0.682939020326558,606.851084954799
0.683272242585805,606.851101480118
0.683605464845052,606.851117827667
0.683938687104299,606.851134001292
0.684271909363546,606.851150004301
0.684605131622792,606.851165839099
0.684938353882039,606.851181507391
0.685271576141286,606.851197010852
0.685604798400533,606.851212351735
0.68593802065978,606.851227532979
0.686271242919027,606.851242557806
0.686604465178274,606.851257429269
0.686937687437521,606.851272150099
0.687270909696768,606.851286722905
0.687604131956015,606.85130115037
0.687937354215262,606.851315435205
0.688270576474509,606.851329579861
0.688603798733755,606.85134358632
0.688937020993002,606.851357456153
0.689270243252249,606.851371190856
0.689603465511496,606.851384792223
0.689936687770743,606.851398262491
0.69026991002999,606.851411604215
0.690603132289237,606.851424819966
0.690936354548484,606.851437912052
0.691269576807731,606.851450882405
0.691602799066978,606.851463732696
0.691936021326225,606.851476464571
0.692269243585471,606.851489079872
0.692602465844718,606.851501580683
0.692935688103965,606.851513969154
0.693268910363212,606.851526247235
0.693602132622459,606.851538416459
0.693935354881706,606.851550477959
0.694268577140953,606.851562432685
0.6946017994002,606.851574281714
0.694935021659447,606.851586026488
0.695268243918694,606.851597668856
0.695601466177941,606.851609210928
0.695934688437188,606.851620654828
0.696267910696435,606.851632002412
0.696601132955681,606.85164325506
0.696934355214928,606.851654413521
0.697267577474175,606.851665477861
0.697600799733422,606.851676447518
0.697934021992669,606.85168732157
0.698267244251916,606.8516980992
0.698600466511163,606.851708780417
0.69893368877041,606.85171936685
0.699266911029657,606.851729862393
0.699600133288904,606.851740273365
0.699933355548151,606.851750607989
0.700266577807398,606.851760875109
0.700599800066644,606.851771082371
0.700933022325891,606.851781234333
0.701266244585138,606.851791331072
0.701599466844385,606.851801367812
0.701932689103632,606.851811335844
0.702265911362879,606.851821224564
0.702599133622126,606.851831024131
0.702932355881373,606.851840727988
0.70326557814062,606.851850334485
0.703598800399867,606.851859847196
0.703932022659114,606.851869273871
0.704265244918361,606.851878624416
0.704598467177607,606.851887908534
0.704931689436854,606.851897133712
0.705264911696101,606.851906304057
0.705598133955348,606.851915420177
0.705931356214595,606.851924479998
0.706264578473842,606.851933480155
0.706597800733089,606.851942417447
0.706931022992336,606.851951289916
0.707264245251583,606.851960097304
0.70759746751083,606.851968840849
0.707930689770077,606.851977522682
0.708263912029324,606.851986145073
0.708597134288571,606.851994709903
0.708930356547817,606.852003218421
0.709263578807064,606.852011671359
0.709596801066311,606.852020069166
0.709930023325558,606.852028412296
0.710263245584805,606.852036701311
0.710596467844052,606.852044936876
0.710929690103299,606.852053119596
0.711262912362546,606.852061249863
0.711596134621793,606.852069327748
0.71192935688104,606.852077353081
0.712262579140287,606.852085325652
0.712595801399533,606.852093245547
0.71292902365878,606.852101113403
0.713262245918027,606.852108930552
0.713595468177274,606.852116698849
0.713928690436521,606.852124420334
0.714261912695768,606.852132096739
0.714595134955015,606.852139729145
0.714928357214262,606.852147317826
0.715261579473509,606.85215486244
0.715594801732756,606.852162362371
0.715928023992003,606.852169817137
0.71626124625125,606.852177226625
0.716594468510497,606.852184591164
0.716927690769743,606.852191911369
0.71726091302899,606.852199187996
0.717594135288237,606.852206421773
0.717927357547484,606.852213613404
0.718260579806731,606.852220763574
0.718593802065978,606.852227873019
0.718927024325225,606.852234942454
0.719260246584472,606.852241972548
0.719593468843719,606.852248963794
0.719926691102966,606.852255916514
0.720259913362213,606.852262830878
0.72059313562146,606.852269707055
0.720926357880706,606.852276545274
0.721259580139953,606.85228334593
0.7215928023992,606.85229010952
0.721926024658447,606.852296836632
0.722259246917694,606.852303527811
0.722592469176941,606.852310183565
0.722925691436188,606.852316804284
0.723258913695435,606.852323390315
0.723592135954682,606.852329941916
0.723925358213929,606.852336459343
0.724258580473176,606.85234294281
0.724591802732423,606.852349392583
0.724925024991669,606.852355808943
0.725258247250916,606.852362192259
0.725591469510163,606.852368542929
0.72592469176941,606.85237486141
0.726257914028657,606.852381148123
0.726591136287904,606.85238740347
0.726924358547151,606.852393627755
0.727257580806398,606.852399821252
0.727590803065645,606.852405984156
0.727924025324892,606.852412116688
0.728257247584139,606.852418219058
0.728590469843386,606.852424291571
0.728923692102633,606.852430334547
0.729256914361879,606.852436348425
0.729590136621126,606.852442333644
0.729923358880373,606.852448290708
0.73025658113962,606.852454220055
0.730589803398867,606.852460122106
0.730923025658114,606.85246599713
0.731256247917361,606.852471845344
0.731589470176608,606.852477666812
0.731922692435855,606.852483461608
0.732255914695102,606.852489229756
0.732589136954349,606.852494971399
0.732922359213595,606.852500686719
0.733255581472842,606.852506376048
0.733588803732089,606.852512039704
0.733922025991336,606.852517678059
0.734255248250583,606.85252329134
0.73458847050983,606.852528879739
0.734921692769077,606.85253444328
0.735254915028324,606.852539982
0.735588137287571,606.852545495872
0.735921359546818,606.852550985006
0.736254581806065,606.852556449544
0.736587804065312,606.85256188981
0.736921026324558,606.852567306139
0.737254248583805,606.852572698983
0.737587470843052,606.852578068694
0.737920693102299,606.852583415649
0.738253915361546,606.852588740041
0.738587137620793,606.852594042048
0.73892035988004,606.852599321663
0.739253582139287,606.852604578926
0.739586804398534,606.852609813757
0.739920026657781,606.852615026228
0.740253248917028,606.852620216369
0.740586471176275,606.852625384408
0.740919693435522,606.852630530556
0.741252915694768,606.852635655181
0.741586137954015,606.852640758572
0.741919360213262,606.852645841117
0.742252582472509,606.85265090304
0.742585804731756,606.852655944584
0.742919026991003,606.852660965755
0.74325224925025,606.852665966575
0.743585471509497,606.852670946853
0.743918693768744,606.852675906488
0.744251916027991,606.852680845243
0.744585138287238,606.852685762937
0.744918360546485,606.852690659132
0.745251582805731,606.852695533484
0.745584805064978,606.852700385373
0.745918027324225,606.852705214369
0.746251249583472,606.852710019826
0.746584471842719,606.852714801772
0.746917694101966,606.852719555421
0.747250916361213,606.852724285301
0.74758413862046,606.852728983337
0.747917360879707,606.85273359861
0.748250583138954,606.852738342059
0.748583805398201,606.852742429184
0.748917027657447,606.852746154284
0.749250249916694,606.852752674131
0.749583472175941,606.852751069167
0.749916694435188,606.852743579999
0.750249916694435,18.4014412829468
0.750583138953682,2.03247061902556
0.750916361212929,0.742737454660403
0.751249583472176,0.463143050159578
0.751582805731423,0.361760825208457
0.75191602799067,0.30767040137252
0.752249250249917,0.272903369979353
0.752582472509164,0.247652929960431
0.752915694768411,0.227715872226624
0.753248917027658,0.211060506978164
0.753582139286904,0.196625713093107
0.753915361546151,0.183819015911162
0.754248583805398,0.172284786713164
0.754581806064645,0.161792340198746
0.754915028323892,0.152180610891803
0.755248250583139,0.143329993282272
0.755581472842386,0.135147364973501
0.755914695101633,0.127557654699471
0.75624791736088,0.120498787692905
0.756581139620127,0.113918464805502
0.756914361879374,0.107771994507615
0.75724758413862,0.102020763085741
0.757580806397867,0.0966311110446935
0.757914028657114,0.0915734794472142
0.758247250916361,0.0868217427574267
0.758580473175608,0.0823526753382957
0.758913695434855,0.0781455171599673
0.759246917694102,0.0741816156754996
0.759580139953349,0.0704441280152589
0.759913362212596,0.0669177722315266
0.760246584471843,0.0635886192311899
0.76057980673109,0.0604439188420725
0.760913028990337,0.0574719545439906
0.761246251249583,0.0546619220378617
0.76157947350883,0.0520038272710291
0.761912695768077,0.049488400017957
0.762245918027324,0.0471070198361212
0.762579140286571,0.0448516522864715
0.762912362545818,0.0427147946468328
0.763245584805065,0.0406894316071666
0.763578807064312,0.0387690020534173
0.763912029323559,0.0369473774928796
0.764245251582806,0.0352188508569946
0.764578473842053,0.0335781320036539
0.7649116961013,0.0320203446373554
0.765244918360547,0.0305410203368522
0.765578140619793,0.0291360903540005
0.76591136287904,0.0278018849308778
0.766244585138287,0.0265351610341496
0.766577807397534,0.0253331877775873
0.766911029656781,0.0241939161513296
0.767244251916028,0.0231162371006213
0.767577474175275,0.0221002885577332
0.767910696434522,0.0211477163177991
0.768243918693769,0.0202617301693838
0.768577140953016,0.0194467405826493
0.768910363212263,0.0187073715902965
0.76924358547151,0.0180467679241252
0.769576807730756,0.0174644193356732
0.769910029990003,0.0169543511887295
0.77024325224925,0.0165048197384382
0.770576474508497,0.0160995560081146
0.770909696767744,0.0157197427978131
0.771242919026991,0.0153469180948962
0.771576141286238,0.0149670084515449
0.771909363545485,0.0145737269440282
0.772242585804732,0.014169400631087
0.772575808063979,0.0137631637915912
0.772909030323226,0.013368729587537
0.773242252582472,0.0130032957396062
0.773575474841719,0.0126829208830575
0.773908697100966,0.0124108482813861
0.774241919360213,0.0121758098788304
0.77457514161946,0.0119636150201672
0.774908363878707,0.011761312487355
0.775241586137954,0.0115435405647728
0.775574808397201,0.0112616047209123
0.775908030656448,0.0108566879827061
0.776241252915695,0.0103826711184998
0.776574475174942,0.0101130279591265
0.776907697434189,0.00988447385995567
0.777240919693436,0.00948641000964705
0.777574141952682,0.00881464154099919
0.777907364211929,0.00773303941050576
0.778240586471176,0.00615522588429176
0.778573808730423,0.00434613253817747
0.77890703098967,0.00276117839341816
0.779240253248917,0.00167659738254641
0.779573475508164,0.00102287326382824
0.779906697767411,0.000640273342128949
0.780239920026658,0.000420777679691998
0.780573142285905,0.000297210371691524
0.780906364545152,0.000228835596789842
0.781239586804399,0.000191566776149288
0.781572809063645,0.000171551541115809
0.781906031322892,0.000161000718915412
0.782239253582139,0.000155528756981079
0.782572475841386,0.000152722437347781
0.782905698100633,0.000151297661628992
0.78323892035988,0.000150578056110747
0.783572142619127,0.000150213067780815
0.783905364878374,0.000150023147131445
0.784238587137621,0.0001499180579303
0.784571809396868,0.000149854088559792
0.784905031656115,0.000149809972990526
0.785238253915362,0.000149774614302836
0.785571476174609,0.000149741652934575
0.785904698433855,0.000149707801003651
0.786237920693102,0.000149672139879536
0.786571142952349,0.000149634976844211
0.786904365211596,0.00014959689585525
0.787237587470843,0.000149558310271819
0.78757080973009,0.000149519398444334
0.787904031989337,0.000149480200771175
0.788237254248584,0.000149440724467896
0.788570476507831,0.000149400998232334
0.788903698767078,0.000149361081489124
0.789236921026325,0.000149321053192499
0.789570143285572,0.00014928099956085
0.789903365544818,0.000149241007870166
0.790236587804065,0.000149201165233543
0.790569810063312,0.000149161558927301
0.790903032322559,0.000149122275836146
0.791236254581806,0.000149083400397518
0.791569476841053,0.00014904501173349
0.7919026991003,0.000149007181139704
0.792235921359547,0.000148969970840315
0.792569143618794,0.000148933434204443
0.792902365878041,0.000148897616864168
0.793235588137288,0.000148862557728253
0.793568810396534,0.000148828288877927
0.793902032655781,0.000148794833719402
0.794235254915028,0.000148762203506847
0.794568477174275,0.000148730393369212
0.794901699433522,0.000148699379930195
0.795234921692769,0.000148669122794942
0.795568143952016,0.000148639570956364
0.795901366211263,0.000148610672727281
0.79623458847051,0.000148582385405068
0.796567810729757,0.000148554680210368
0.796901032989004,0.000148527539949734
0.797234255248251,0.000148500950510734
0.797567477507498,0.000148474890604115
0.797900699766744,0.000148449325085463
0.798233922025991,0.0001484242050895
0.798567144285238,0.000148399474299823
0.798900366544485,0.00014837507728334
0.799233588803732,0.000148350964977977
0.799566811062979,0.000148327094582646
0.799900033322226,0.000148303424762518
0.800233255581473,0.000148279909768086
0.80056647784072,0.000148256496070119
0.800899700099967,0.000148233122769404
0.801232922359214,0.000148209724369988
0.801566144618461,0.000148186233475788
0.801899366877707,0.000148162581919377
0.802232589136954,0.000148138700465823
0.802565811396201,0.000148114518086146
0.802899033655448,0.000148089961569816
0.803232255914695,0.00014806495573804
0.803565478173942,0.000148039424405576
0.803898700433189,0.000148013292270573
0.804231922692436,0.000147986487464672
0.804565144951683,0.000147958943689086
0.80489836721093,0.000147930600672469
0.805231589470177,0.000147901402691194
0.805564811729424,0.000147871296227623
0.80589803398867,0.000147840227998692
0.806231256247917,0.000147808143381715
0.806564478507164,0.000147774984373464
0.806897700766411,0.000147740687103721
0.807230923025658,0.000147705180550038
0.807564145284905,0.000147668387838918
0.807897367544152,0.000147630228776859
0.808230589803399,0.000147590620137077
0.808563812062646,0.000147549472204514
0.808897034321893,0.000147506685137668
0.80923025658114,0.000147462151385533
0.809563478840387,0.000147415766674396
0.809896701099634,0.000147367444458866
0.81022992335888,0.000147317124329046
0.810563145618127,0.000147264768325074
0.810896367877374,0.000147210347999148
0.811229590136621,0.000147153832146569
0.811562812395868,0.000147095184703205
0.811896034655115,0.00014703437476279
0.812229256914362,0.000146971391855779
0.812562479173609,0.000146906256120069
0.812895701432856,0.000146839017046967
0.813228923692103,0.00014676974267085
0.81356214595135,0.00014669850740572
0.813895368210596,0.000146625387257448
0.814228590469843,0.00014655046586758
0.81456181272909,0.000146473846655894
0.814895034988337,0.000146395659594977
0.815228257247584,0.00014631605077231
0.815561479506831,0.000146235151152628
0.815894701766078,0.000146153033120525
0.816227924025325,0.000146069669347628
0.816561146284572,0.000145984903038728
0.816894368543819,0.000145898428530844
0.817227590803066,0.000145809778111365
0.817560813062313,0.000145718317153025
0.817894035321559,0.0001456232569544
0.818227257580806,0.000145523695193676
0.818560479840053,0.000145418687328131
0.8188937020993,0.000145307342192152
0.819226924358547,0.000145188925322667
0.819560146617794,0.000145062947561096
0.819893368877041,0.000144929217863246
0.820226591136288,0.000144787849170505
0.820559813395535,0.000144639222175124
0.820893035654782,0.000144483924785026
0.821226257914029,0.000144322686561243
0.821559480173276,0.000144156317035848
0.821892702432523,0.000143985648505264
0.822225924691769,0.000143811486336919
0.822559146951016,0.000143634579583673
0.822892369210263,0.000143455621288461
0.82322559146951,0.000143275268051202
0.823558813728757,0.000143094153270274
0.823892035988004,0.000142912890654869
0.824225258247251,0.000142732081024489
0.824558480506498,0.000142552315191696
0.824891702765745,0.000142374146596805
0.825224925024992,0.000142198059743138
0.825558147284239,0.000142024480787167
0.825891369543486,0.000141853819918116
0.826224591802732,0.000141686476917378
0.826557814061979,0.000141522829458379
0.826891036321226,0.000141363232993394
0.827224258580473,0.000141208028002521
0.82755748083972,0.000141057516420859
0.827890703098967,0.000140912015133097
0.828223925358214,0.000140771859752078
0.828557147617461,0.000140637337339606
0.828890369876708,0.000140508654137215
0.829223592135955,0.00014038605551825
0.829556814395202,0.00014026961864427
0.829890036654448,0.000140159366158191
0.830223258913695,0.000140055465668927
0.830556481172942,0.000139957817950497
0.830889703432189,0.000139866006052465
0.831222925691436,0.000139780614326565
0.831556147950683,0.000139701416668559
0.83188937020993,0.00013962694445082
0.832222592469177,0.000139558268576721
0.832555814728424,0.000139496037509948
0.832889036987671,0.000139436380056926
0.833222259246918,0.000139383717116317
0.833555481506165,0.000139338833614793
0.833888703765412,0.000139283771399799
0.834221926024658,0.00013923117134936
0.834555148283905,0.000139201945114837
0.834888370543152,0.000139141581828545
0.835221592802399,0.000139070767534412
0.835554815061646,0.00013905230045709
0.835888037320893,0.000138995556387041
0.83622125958014,0.000138891887962457
0.836554481839387,0.000138826497710797
0.836887704098634,0.0001388192798347
0.837220926357881,0.000138606993346521
0.837554148617128,0.0001382827139672
0.837887370876375,0.000138218691414535
0.838220593135621,0.000137112960207238
0.838553815394868,0.000135539893417653
0.838887037654115,0.000130764767180696
0.839220259913362,0.000120824897650798
0.839553482172609,0.000108654020470892
0.839886704431856,0.000102931133641401
0.840219926691103,0.00010098544322826
0.84055314895035,0.000100328393241722
0.840886371209597,0.000100109155270326
0.841219593468844,0.00010003624738871
0.841552815728091,0.000100012033574123
0.841886037987338,0.000100003994341638
0.842219260246585,0.000100001325217
0.842552482505831,0.00010000043891241
0.842885704765078,0.000100000144557809
0.843218927024325,0.000100000046780828
0.843552149283572,0.000100000014295702
0.843885371542819,0.000100000003500828
0.844218593802066,9.99999999129382e-05
0.844551816061313,9.99999987201191e-05
0.84488503832056,9.99999983233912e-05
0.845218260579807,9.99999981911827e-05
0.845551482839054,9.9999998146829e-05
0.845884705098301,9.99999981315023e-05
0.846217927357548,9.99999981266346e-05
0.846551149616794,9.99999981257274e-05
0.846884371876041,9.99999981256901e-05
0.847217594135288,9.99999981258732e-05
0.847550816394535,9.99999981259835e-05
0.847884038653782,9.9999998126007e-05
0.848217260913029,9.9999998125995e-05
0.848550483172276,9.99999981259826e-05
0.848883705431523,9.99999981259784e-05
0.84921692769077,9.99999981259784e-05
0.849550149950017,9.99999981259794e-05
0.849883372209264,9.99999981259802e-05
0.850216594468511,9.99999981259805e-05
0.850549816727757,9.99999981259801e-05
0.850883038987004,9.99999981259801e-05
0.851216261246251,9.99999981259801e-05
0.851549483505498,9.99999981259803e-05
0.851882705764745,9.99999981259801e-05
0.852215928023992,9.999999812598e-05
0.852549150283239,9.99999981259802e-05
0.852882372542486,9.999999812598e-05
0.853215594801733,9.99999981259803e-05
0.85354881706098,9.99999981259801e-05
0.853882039320227,9.999999812598e-05
0.854215261579474,9.999999812598e-05
0.854548483838721,9.99999981259802e-05
0.854881706097967,9.99999981259801e-05
0.855214928357214,9.99999981259801e-05
0.855548150616461,9.999999812598e-05
0.855881372875708,9.99999981259801e-05
0.856214595134955,9.99999981259801e-05
0.856547817394202,9.999999812598e-05
0.856881039653449,9.99999981259801e-05
0.857214261912696,9.99999981259801e-05
0.857547484171943,9.99999981259802e-05
0.85788070643119,9.999999812598e-05
0.858213928690437,9.99999981259802e-05
0.858547150949683,9.99999981259802e-05
0.85888037320893,9.99999981259801e-05
0.859213595468177,9.99999981259801e-05
0.859546817727424,9.99999981259802e-05
0.859880039986671,9.99999981259801e-05
0.860213262245918,9.99999981259802e-05
0.860546484505165,9.99999981259802e-05
0.860879706764412,9.99999981259801e-05
0.861212929023659,9.99999981259802e-05
0.861546151282906,9.99999981259803e-05
0.861879373542153,9.99999981259799e-05
0.8622125958014,9.99999981259802e-05
0.862545818060646,9.99999981259804e-05
0.862879040319893,9.99999981259795e-05
0.86321226257914,9.99999981259795e-05
0.863545484838387,9.99999981259825e-05
0.863878707097634,9.99999981259788e-05
0.864211929356881,9.99999981259765e-05
0.864545151616128,9.99999981259864e-05
0.864878373875375,9.99999981259841e-05
0.865211596134622,9.99999981259584e-05
0.865544818393869,9.99999981259966e-05
0.865878040653116,9.99999981260102e-05
0.866211262912363,9.99999981259194e-05
0.86654448517161,9.9999998125952e-05
0.866877707430856,9.99999981261844e-05
0.867210929690103,9.99999981257919e-05
0.86754415194935,9.99999981257321e-05
0.867877374208597,9.99999981266612e-05
0.868210596467844,9.99999981259878e-05
0.868543818727091,9.99999981236499e-05
0.868877040986338,9.99999981301736e-05
0.869210263245585,9.99999981289733e-05
0.869543485504832,9.99999980795798e-05
0.869876707764079,9.99999982711044e-05
0.870209930023326,9.99999980165315e-05
0.870543152282573,9.99999979449335e-05
0.870876374541819,9.9999999501893e-05
0.871209596801066,9.99999998993232e-05
0.871542819060313,9.99999999828046e-05
0.87187604131956,9.99999999976376e-05
0.872209263578807,0.000100000000000102
0.872542485838054,0.000100000000000176
0.872875708097301,0.00010000000000004
0.873208930356548,9.99999999999895e-05
0.873542152615795,9.99999999999925e-05
0.873875374875042,9.99999999999993e-05
0.874208597134289,0.000100000000000001
0.874541819393535,0.0001
0.874875041652782,0.0001
0.875208263912029,0.0001
0.875541486171276,0.0001
0.875874708430523,9.99999999999999e-05
0.87620793068977,0.0001
0.876541152949017,0.0001
0.876874375208264,0.0001
0.877207597467511,0.0001
0.877540819726758,9.99999999999999e-05
0.877874041986005,0.0001
0.878207264245252,9.99999999999998e-05
0.878540486504499,0.0001
0.878873708763745,0.0001
0.879206931022992,0.0001
0.879540153282239,0.0001
0.879873375541486,9.99999999999999e-05
0.880206597800733,0.0001
0.88053982005998,0.0001
0.880873042319227,0.0001
0.881206264578474,0.0001
0.881539486837721,0.0001
0.881872709096968,0.0001
0.882205931356215,0.0001
0.882539153615462,0.0001
0.882872375874708,9.99999999999999e-05
0.883205598133955,0.0001
0.883538820393202,9.99999999999999e-05
0.883872042652449,0.0001
0.884205264911696,0.0001
0.884538487170943,0.0001
0.88487170943019,9.99999999999999e-05
0.885204931689437,0.0001
0.885538153948684,0.0001
0.885871376207931,0.0001
0.886204598467178,0.0001
0.886537820726425,9.99999999999999e-05
0.886871042985671,0.0001
0.887204265244918,0.0001
0.887537487504165,0.0001
0.887870709763412,0.0001
0.888203932022659,0.0001
0.888537154281906,0.0001
0.888870376541153,0.0001
0.8892035988004,0.0001
0.889536821059647,0.0001
0.889870043318894,0.0001
0.890203265578141,0.0001
0.890536487837388,9.99999999999999e-05
0.890869710096635,0.0001
0.891202932355881,0.0001
0.891536154615128,0.0001
0.891869376874375,0.0001
0.892202599133622,0.0001
0.892535821392869,0.0001
0.892869043652116,0.0001
0.893202265911363,0.0001
0.89353548817061,0.0001
0.893868710429857,0.0001
0.894201932689104,0.0001
0.894535154948351,0.0001
0.894868377207597,0.0001
0.895201599466844,0.0001
0.895534821726091,9.99999999999999e-05
0.895868043985338,0.0001
0.896201266244585,0.0001
0.896534488503832,0.0001
0.896867710763079,0.0001
0.897200933022326,0.0001
0.897534155281573,0.0001
0.89786737754082,0.0001
0.898200599800067,9.99999999999999e-05
0.898533822059314,0.0001
0.89886704431856,0.0001
0.899200266577807,0.0001
0.899533488837054,0.0001
0.899866711096301,0.0001
0.900199933355548,0.0001
0.900533155614795,0.0001
0.900866377874042,0.0001
0.901199600133289,0.0001
0.901532822392536,0.0001
0.901866044651783,9.99999999999999e-05
0.90219926691103,0.0001
0.902532489170277,0.0001
0.902865711429524,0.0001
0.90319893368877,0.0001
0.903532155948017,0.0001
0.903865378207264,0.0001
0.904198600466511,0.0001
0.904531822725758,9.99999999999999e-05
0.904865044985005,0.0001
0.905198267244252,0.0001
0.905531489503499,9.99999999999999e-05
0.905864711762746,9.99999999999999e-05
0.906197934021993,0.0001
0.90653115628124,0.0001
0.906864378540487,0.0001
0.907197600799733,9.99999999999999e-05
0.90753082305898,0.0001
0.907864045318227,0.0001
0.908197267577474,0.0001
0.908530489836721,0.0001
0.908863712095968,0.0001
0.909196934355215,0.0001
0.909530156614462,9.99999999999997e-05
0.909863378873709,0.0001
0.910196601132956,0.0001
0.910529823392203,0.0001
0.910863045651449,9.99999999999999e-05
0.911196267910696,0.0001
0.911529490169943,0.0001
0.91186271242919,0.0001
0.912195934688437,9.99999999999999e-05
0.912529156947684,0.0001
0.912862379206931,0.0001
0.913195601466178,0.0001
0.913528823725425,0.0001
0.913862045984672,9.99999999999999e-05
0.914195268243919,0.0001
0.914528490503166,0.0001
0.914861712762413,9.99999999999999e-05
0.915194935021659,0.0001
0.915528157280906,0.0001
0.915861379540153,0.0001
0.9161946017994,0.0001
0.916527824058647,0.0001
0.916861046317894,0.0001
0.917194268577141,0.0001
0.917527490836388,0.0001
0.917860713095635,0.0001
0.918193935354882,0.0001
0.918527157614129,0.0001
0.918860379873376,0.0001
0.919193602132622,0.0001
0.919526824391869,0.0001
0.919860046651116,0.0001
0.920193268910363,0.0001
0.92052649116961,0.0001
0.920859713428857,0.0001
0.921192935688104,9.99999999999999e-05
0.921526157947351,0.0001
0.921859380206598,0.0001
0.922192602465845,9.99999999999999e-05
0.922525824725092,9.99999999999999e-05
0.922859046984339,0.0001
0.923192269243586,0.0001
0.923525491502832,0.0001
0.923858713762079,0.0001
0.924191936021326,0.0001
0.924525158280573,9.99999999999999e-05
0.92485838053982,0.0001
0.925191602799067,0.0001
0.925524825058314,0.0001
0.925858047317561,0.0001
0.926191269576808,0.0001
0.926524491836055,9.99999999999999e-05
0.926857714095302,0.0001
0.927190936354549,0.0001
0.927524158613795,0.0001
0.927857380873042,0.0001
0.928190603132289,0.0001
0.928523825391536,9.99999999999999e-05
0.928857047650783,9.99999999999999e-05
0.92919026991003,0.0001
0.929523492169277,9.99999999999999e-05
0.929856714428524,0.0001
0.930189936687771,0.0001
0.930523158947018,0.0001
0.930856381206265,0.0001
0.931189603465511,0.0001
0.931522825724758,0.0001
0.931856047984005,9.99999999999999e-05
0.932189270243252,0.0001
0.932522492502499,0.0001
0.932855714761746,0.0001
0.933188937020993,0.0001
0.93352215928024,0.0001
0.933855381539487,9.99999999999999e-05
0.934188603798734,0.0001
0.934521826057981,9.99999999999998e-05
0.934855048317228,0.0001
0.935188270576475,9.99999999999998e-05
0.935521492835722,0.0001
0.935854715094968,0.0001
0.936187937354215,0.0001
0.936521159613462,0.0001
0.936854381872709,0.0001
0.937187604131956,0.0001
0.937520826391203,0.0001
0.93785404865045,0.0001
0.938187270909697,0.0001
0.938520493168944,0.0001
0.938853715428191,0.0001
0.939186937687438,0.0001
0.939520159946684,0.0001
0.939853382205931,0.0001
0.940186604465178,0.0001
0.940519826724425,0.0001
0.940853048983672,0.0001
0.941186271242919,9.99999999999999e-05
0.941519493502166,0.0001
0.941852715761413,0.0001
0.94218593802066,0.0001
0.942519160279907,0.0001
0.942852382539154,0.0001
0.943185604798401,0.0001
0.943518827057647,0.0001
0.943852049316894,0.0001
0.944185271576141,0.0001
0.944518493835388,0.0001
0.944851716094635,0.0001
0.945184938353882,0.0001
0.945518160613129,0.0001
0.945851382872376,0.0001
0.946184605131623,9.99999999999999e-05
0.94651782739087,0.0001
0.946851049650117,0.0001
0.947184271909364,0.0001
0.947517494168611,0.0001
0.947850716427857,0.0001
0.948183938687104,0.0001
0.948517160946351,0.0001
0.948850383205598,0.0001
0.949183605464845,0.0001
0.949516827724092,0.0001
0.949850049983339,0.0001
0.950183272242586,0.0001
0.950516494501833,0.0001
0.95084971676108,0.0001
0.951182939020327,0.0001
0.951516161279574,0.0001
0.95184938353882,9.99999999999998e-05
0.952182605798067,0.0001
0.952515828057314,0.0001
0.952849050316561,0.0001
0.953182272575808,0.0001
0.953515494835055,0.0001
0.953848717094302,9.99999999999998e-05
0.954181939353549,0.0001
0.954515161612796,9.99999999999999e-05
0.954848383872043,0.0001
0.95518160613129,0.0001
0.955514828390536,0.0001
0.955848050649783,0.0001
0.95618127290903,0.0001
0.956514495168277,0.0001
0.956847717427524,0.0001
0.957180939686771,0.0001
0.957514161946018,0.0001
0.957847384205265,0.0001
0.958180606464512,0.0001
0.958513828723759,0.0001
0.958847050983006,0.0001
0.959180273242253,0.0001
0.9595134955015,0.0001
0.959846717760746,0.0001
0.960179940019993,0.0001
0.96051316227924,0.0001
0.960846384538487,0.0001
0.961179606797734,0.0001
0.961512829056981,0.0001
0.961846051316228,9.99999999999999e-05
0.962179273575475,0.0001
0.962512495834722,0.0001
0.962845718093969,0.0001
0.963178940353216,0.0001
0.963512162612463,0.0001
0.963845384871709,0.0001
0.964178607130956,0.0001
0.964511829390203,0.0001
0.96484505164945,0.0001
0.965178273908697,0.0001
0.965511496167944,0.0001
0.965844718427191,9.99999999999999e-05
0.966177940686438,0.0001
0.966511162945685,9.99999999999999e-05
0.966844385204932,0.0001
0.967177607464179,0.0001
0.967510829723426,0.0001
0.967844051982672,0.0001
0.968177274241919,0.0001
0.968510496501166,0.0001
0.968843718760413,0.0001
0.96917694101966,0.0001
0.969510163278907,0.0001
0.969843385538154,0.0001
0.970176607797401,0.0001
0.970509830056648,0.0001
0.970843052315895,0.0001
0.971176274575142,0.0001
0.971509496834389,0.0001
0.971842719093636,0.0001
0.972175941352882,0.0001
0.972509163612129,9.99999999999999e-05
0.972842385871376,0.0001
0.973175608130623,0.0001
0.97350883038987,0.0001
0.973842052649117,0.0001
0.974175274908364,0.0001
0.974508497167611,0.0001
0.974841719426858,0.0001
0.975174941686105,0.0001
0.975508163945352,0.0001
0.975841386204598,0.0001
0.976174608463845,0.0001
0.976507830723092,0.0001
0.976841052982339,0.0001
0.977174275241586,0.0001
0.977507497500833,0.0001
0.97784071976008,0.0001
0.978173942019327,0.0001
0.978507164278574,0.0001
0.978840386537821,0.0001
0.979173608797068,0.0001
0.979506831056315,0.0001
0.979840053315562,0.0001
0.980173275574808,0.0001
0.980506497834055,0.0001
0.980839720093302,0.0001
0.981172942352549,0.0001
0.981506164611796,0.0001
0.981839386871043,0.0001
0.98217260913029,0.0001
0.982505831389537,0.0001
0.982839053648784,0.0001
0.983172275908031,0.0001
0.983505498167278,0.0001
0.983838720426525,0.0001
0.984171942685771,0.0001
0.984505164945018,0.0001
0.984838387204265,0.0001
0.985171609463512,0.0001
0.985504831722759,0.0001
0.985838053982006,0.0001
0.986171276241253,0.0001
0.9865044985005,0.0001
0.986837720759747,9.99999999999999e-05
0.987170943018994,9.99999999999999e-05
0.987504165278241,0.0001
0.987837387537488,0.0001
0.988170609796734,0.0001
0.988503832055981,0.0001
0.988837054315228,9.99999999999999e-05
0.989170276574475,0.0001
0.989503498833722,0.0001
0.989836721092969,0.0001
0.990169943352216,0.0001
0.990503165611463,0.0001
0.99083638787071,9.99999999999999e-05
0.991169610129957,9.99999999999999e-05
0.991502832389204,9.99999999999999e-05
0.991836054648451,0.0001
0.992169276907698,0.0001
0.992502499166944,0.0001
0.992835721426191,0.0001
0.993168943685438,0.0001
0.993502165944685,0.0001
0.993835388203932,0.0001
0.994168610463179,0.0001
0.994501832722426,0.0001
0.994835054981673,0.0001
0.99516827724092,0.0001
0.995501499500167,0.0001
0.995834721759414,0.0001
0.99616794401866,0.0001
0.996501166277907,0.0001
0.996834388537154,0.0001
0.997167610796401,0.0001
0.997500833055648,0.0001
0.997834055314895,0.0001
0.998167277574142,0.0001
0.998500499833389,0.0001
0.998833722092636,0.0001
0.999166944351883,0.0001
0.99950016661113,0.0001
0.999833388870377,0.0001
